Edad;AporteMensual
66;77,322
67;0
42;36
52;0
54;0
23;25,774
26;0
6;0
66;77,322
60;492
48;25,774
63;492
22;25,774
62;158,4
59;78,84
30;0
11;0
4;0
57;77,322
91;0
73;0
23;0
3;0
27;200
81;890
65;200
57;0
19;0
50;0,098
60;0,098
61;0
60;0
32;0,098
29;90
24;82,8
78;0,099
94;0
72;0
53;0
55;0
28;0
8;0
51;0
12;0
42;0
9;0
63;0
75;77,322
19;0
29;0
63;0
39;120
39;0
15;0
6;0
21;0
49;98
51;0
29;28
22;0
22;40
53;0
42;80,5
13;0
11;0
10;0
10;0
33;100
34;0,098
2;0
36;87,4
38;90
5;0
62;150
56;271,43
76;0
64;0
21;0
21;0
24;0
47;160
39;0
17;0
14;0
9;0
51;400
53;80,5
15;0
75;80,5
55;80,5
51;0
17;0
14;0
46;80,5
37;164
42;353,2
37;0
66;77
72;240
71;0
73;161
54;0
17;0
12;0
18;0
85;77
30;44
26;0
6;0
21;0
26;25,774
31;0
10;0
5;0
2;0
52;0
29;36
45;80,5
40;0
26;25,774
19;0
0;0
59;0
59;0
64;0
70;80,5
21;0
48;0
50;0
21;25,77
17;0
33;0
29;0
10;0
54;25,774
72;0
46;0
52;25,774
26;25,774
44;0
12;0
77;0
70;77,5
27;0
21;0
38;80,544
43;0
12;0
76;80,544
21;0
34;0
7;0
73;170
74;80,5
69;73
68;0
86;176
61;85,4
82;84,5
38;25,774
13;0
72;25,774
52;0
26;25,774
10;0
4;0
60;0
36;102
30;0
2;0
64;0
27;72
60;0
21;0
27;64
31;0
22;0
23;0
78;132
83;0
37;0
77;220
76;220
62;205
39;77,322
38;120
1;0
60;0
54;0,098
21;0
45;77,322
36;77,322
6;0
58;45
56;48
31;90,8
23;0
62;0,098
59;75
90;80
59;0
41;0
39;0
21;90
53;0
49;0
29;0
25;0
63;0
55;0
56;0
32;0,098
57;0
38;0,098
37;0,098
3;0
65;0
37;0
27;0
6;0
4;0
30;0
30;0
10;0
74;0
43;0
19;0
17;0
18;0
52;0
26;26
18;0
23;0
68;80
66;0
33;0
15;0
25;40
25;0
4;0
1;0
76;0
68;80,5
79;349
78;0
39;95
53;80,5
50;0
16;0
24;0
70;0,098
73;0,098
38;0,098
48;0
38;0
15;0
13;0
43;0
52;0
7;0
54;0
33;0
51;0,098
12;0
6;0
36;0
12;0
21;0
70;260
38;155
45;0,098
17;0
33;0
29;0
28;90
69;0
66;0
44;90
59;0
57;0
20;0
42;0
37;52
1;0
98;0,098
65;0
60;0
65;93
69;0
73;60
19;0
71;120
64;0
60;0
46;0
43;0
17;0
16;0
87;0,098
56;0
50;0
15;0
52;0,098
52;0
32;32
15;0
48;140
43;0
10;0
56;0
33;0
88;70
68;0
32;0
12;0
50;0
53;0
18;0
17;0
25;0
22;0
68;0,098
66;180
79;103,2
70;0
35;80,5
49;0
81;77,3
51;0
47;70
48;0
30;23,5
22;0
19;0
17;0
24;0,098
1;0
64;0
40;0
19;0
0;0
82;0
73;0
54;0
35;0
33;0
28;0
25;0
22;0
46;0
24;0
12;0
53;69
47;0
92;84
50;0
17;0
48;0
51;0
67;0
37;0
34;25,774
9;0
3;0
20;25,774
1;0
37;0
35;0
17;0
13;0
11;0
8;0
74;0
53;45
55;0
23;115
29;0
4;0
2;0
74;0
41;0
34;0
12;0
2;0
30;0
37;90
40;0
16;0
3;0
65;115
96;0
46;0
55;85
21;0
14;0
68;80
47;26
36;0
49;0
39;0
3;0
1;0
73;73
48;0
42;0
36;0
18;0
3;0
40;48
21;0
4;0
2;0
58;0
20;48
19;0
68;160
70;0
37;100
57;80,5
29;25,8
12;0
1;0
28;25,8
34;0
12;0
7;0
32;0,098
30;0
12;0
8;0
6;0
1;0
58;0
35;0
28;0
53;0
28;0
3;0
55;0
47;80,5
13;0
40;280
42;0
11;0
9;0
15;0
58;433,8
25;60
39;32
61;180
26;80
48;80,7
19;0
20;0
33;0
43;25,8
4;0
86;77,322
68;0
38;0
17;0
18;0
19;0
58;0
56;0
31;25,8
38;0
38;80,6
29;0
14;0
7;0
4;0
33;0
42;25,774
59;80,6
16;0
6;0
78;0
62;80,6
52;0
32;0
78;0
12;0
28;0
77;0
68;0
59;0
32;0
21;0
18;0
30;0
24;0
6;0
4;0
47;0
15;0
33;0
30;0
91;145
66;0
26;0
26;26
8;0
29;26
26;0
21;0
4;0
1;0
60;25
56;0
19;0
75;0
82;0
41;0
32;26
57;0
79;0
70;0
62;0
45;0
44;0
64;0
72;0
74;0
67;0
27;25,35
7;0
42;36
36;0
18;0
6;0
4;0
57;0
57;72
43;80,5
37;0
4;0
49;0
41;80,5
12;0
41;80,5
41;0
58;0
54;0
19;0
84;0
61;0
19;0
61;77,32
45;0
29;0
36;80,5
21;0
14;0
6;0
61;0
29;25,774
27;0
28;25,774
4;0
90;0
35;34,4
36;0
7;0
25;0
25;0
0;0
61;0
45;0
20;0
34;39,2
35;25,774
14;0
8;0
5;0
44;80,544
41;0
49;0
19;0
24;0
65;0
24;25,774
18;0
3;0
0;0
76;0
58;0
28;0
18;0
15;0
67;0
13;0
54;0
53;0
27;32,042
19;0
42;80
37;0
9;0
28;33,042
3;0
27;0
22;0
6;0
65;77,322
76;0
79;0
59;40
37;36,242
32;0
33;0
11;0
4;0
36;25,774
36;25,774
15;0
51;73,944
58;0
22;0
19;0
36;34,8
31;0
5;0
1;0
50;0
58;0
27;0
21;0
51;0
57;162
26;0
23;36
57;77,322
33;0
27;25,774
9;0
70;420
48;0
23;0
30;25,774
7;0
61;98
61;0
18;0
63;77,322
63;0
45;25,774
16;0
58;0
25;32
20;0
56;28
51;0
26;0
54;0
24;25,774
37;0
18;0
13;0
41;60
12;0
8;0
51;25,774
45;0
8;0
51;0
27;25,774
27;32
8;0
5;0
33;25,774
28;0
36;0
16;0
14;0
46;25,774
98;84
73;96
43;25,774
58;0
30;0
9;0
51;0
42;0
47;0
17;0
15;0
12;0
75;132
74;204
61;77,322
54;0
52;0
48;25,774
41;0
16;0
72;77,322
51;0
66;77,322
21;25,774
50;80,544
37;0
16;0
12;0
63;0
44;25,774
16;0
43;25,774
57;80,544
61;0
31;36
12;0
59;0
49;30
62;0
60;0
39;60
58;32
48;0
32;25,774
83;0
69;80,544
26;25,774
5;0
2;0
45;0
43;80,544
23;50
37;80,544
14;0
67;150
69;0
30;0,098
14;0
56;0,098
59;0
27;0
82;0,098
58;51,2
45;30
44;0
17;0
26;36
6;0
33;0
39;0
6;0
4;0
50;0
49;0
20;0
18;0,098
7;0
73;0
38;200
34;200
70;0
22;0,098
24;0
9;0
47;0
44;0
16;0
11;0
65;0
36;0
19;0
5;0
55;0,098
48;0
28;0
16;0
21;0
22;0
4;0
42;0
24;0
10;0
52;60
55;0
54;0
9;0
4;0
24;0,098
27;0
3;0
52;46,6
49;0
20;0
83;0
48;0
50;77,4
22;0
51;0
52;0
22;0
9;0
35;0,098
62;0
78;80,5
41;0
19;0
19;0
52;25
19;0
76;100
57;0
37;0,098
19;0
18;0
31;0
47;31
23;0,098
20;0
9;0
59;0
80;80,5
35;25
31;0,098
8;0
5;0
35;0,098
36;0
15;0
32;25
58;55
56;0
12;0
63;70
69;0
67;0
44;0
47;0
4;0
3;0
69;0,098
65;0
44;0
42;0,098
11;0
69;0,098
65;0,098
31;0,098
36;0
31;0
8;0
5;0
4;0
51;0,098
21;0
16;0
13;0
67;0
41;0
11;0
4;0
30;0
6;0
4;0
36;0
85;0
66;0
32;0,098
36;0
17;0
13;0
64;0
30;0
32;0,098
13;0
11;0
27;0,098
26;0,098
9;0
4;0
51;0
27;0
28;0
10;0
63;0
55;0,098
53;0
39;0
31;0,098
36;0
9;0
45;25,8
44;0,098
15;0
72;0
49;0
13;0
36;0
37;0
15;0
14;0
39;0
19;0
0;0
27;0
25;0
9;0
51;0
42;0
39;0
10;0
33;0
21;0
68;0
44;0
34;0
34;0
31;0
8;0
2;0
75;0
52;0
27;0
33;34,8
32;0
14;0
8;0
1;0
30;0
8;0
2;0
26;34
26;29,5
53;0
62;80
56;0
37;0
15;0
10;0
26;30
32;0
5;0
25;0
24;0
29;0
30;0
11;0
5;0
58;54
54;0
33;48
8;0
28;0
25;0
0;0
77;71
57;0
31;0
13;0
11;0
6;0
1;0
38;0
33;0
54;0
51;0
20;0
15;0
28;0
6;0
28;0
7;0
4;0
44;50
23;0
31;0
44;26
44;0
17;0
15;0
13;0
56;80,5
31;0
9;0
67;0
70;0
26;0
42;0
29;0
6;0
45;0
20;0
19;0
17;0
16;0
45;120
39;0
12;0
36;36
36;0
13;0
12;0
47;0
48;0
21;32
24;36
19;12,8
2;0
27;0
28;0
10;0
5;0
61;78
32;45,3
73;0
84;500
53;0
17;0
0;0
33;80,5
48;0
14;0
5;0
60;125
51;0
12;0
47;52
15;0
48;32
20;0
18;0
44;0
62;0
58;0
25;80,5
52;0
49;0
22;0
4;0
27;25,8
10;0
45;25,8
38;25,8
7;0
26;0
24;25,8
4;0
1;0
25;25,8
23;25,8
0;0
38;140
29;0
51;0
17;0
3;0
51;203,36
48;157
5;0
14;0
30;0
28;499,2
36;80,7
39;0
14;0
11;0
55;84
33;60
61;80,7
56;0
25;0,099
21;0
79;0
55;80,5
50;0
49;81
28;25
27;25
2;0
57;0
81;0
34;0
28;25,8
9;0
5;0
52;0
49;80,6
42;0
17;0
13;0
13;0
29;34,121
28;25,7
54;0
58;0
26;25,7
56;54
54;0
48;0
52;0
14;0
29;0
10;0
24;25,7
6;0
22;0
2;0
44;26
46;0
12;0
51;0
17;0
3;0
25;0
50;0
52;0
35;26
15;0
11;0
57;0
27;0
8;0
5;0
3;0
54;48
53;0
12;0
79;77
58;64
52;0
15;0
59;168
80;144
71;0
30;0
27;80,5
41;40
40;0
80;77,5
24;0
13;0
83;144
69;77,32
82;90,1
45;0
47;32
71;144
48;0
49;25,77
21;0
18;0
51;80,5
48;0
21;0
52;0
51;0
29;25,774
62;360
40;112
22;0
17;0
4;0
53;0
48;0
26;220
3;0
51;80,5
44;0
50;0
47;28
34;0
9;0
7;0
5;0
68;112,8
65;0
23;0
21;0
14;0
39;0
26;0
22;0
34;31,842
33;100
9;0
6;0
64;132
60;0
40;25,774
67;0
50;0
14;0
31;37,042
23;38,8
5;0
41;25,774
49;25,774
11;0
37;0
17;0
14;0
7;0
4;0
59;0
39;0
19;0
1;0
17;0
15;0
13;0
11;0
10;0
66;0
40;0
14;0
11;0
5;0
44;0
24;25,774
7;0
75;0
38;0
23;0
6;0
34;100
34;80
7;0
3;0
48;81,8
24;80,544
0;0
86;0
60;0
50;25,774
37;25,774
30;0
0;0
41;0
35;25,774
18;0
15;0
44;0
36;0
10;0
20;0
22;0
62;0
47;25,774
25;25,774
5;0
1;0
15;0
14;0
64;0
66;0
27;25,774
46;80,544
48;25,774
26;25,774
24;25,774
73;300
69;540
37;68
13;0
29;25,774
28;0
56;0
49;0
34;80,544
30;0
11;0
7;0
46;0
21;0
19;0
63;0
54;0
31;60
12;0
52;200
31;0
10;0
5;0
74;32
44;31,2
11;0
82;0
52;96
70;80,544
51;29,2
50;25,774
42;25,774
54;0
22;25,774
17;0
52;0
75;0
43;77,322
48;25,774
20;0
16;0
22;0
70;0
65;25,774
43;0
39;80,544
54;0
53;0
20;0
15;0
50;80
18;0
30;0
8;0
31;32,6
6;0
29;25,774
34;0
2;0
44;0
44;0
26;0
5;0
34;0
29;0
9;0
50;0,098
21;0
2;0
20;0
60;0
53;0
22;0
17;0
57;0,098
60;0
32;0
27;0
70;0,098
29;0,098
3;0
91;0
61;0,098
58;0
13;0
34;0,098
54;0,098
46;0
24;0
79;0
22;0
26;0
50;0
49;26
23;0
21;26
10;0
40;0
45;0
15;0
51;0
31;0
32;0
15;0
13;0
8;0
55;0,098
16;0
19;0
46;0,098
16;0
51;0
51;0,098
48;0
54;0
17;0
14;0
13;0
81;0
53;86
27;0,098
70;80,5
56;0
24;25
47;82
11;0
76;0
77;0
79;0
57;0
52;0
23;0
32;0,098
29;0
0;0
63;0,098
61;0
54;0,098
51;0
32;0
25;0
54;0
29;0
36;0
8;0
46;0
16;0
56;0
15;0
52;0
52;0
24;0
27;11,5
24;0,098
0;0
18;0
2;0
28;0
32;0
48;50
46;0
16;0
27;25,8
2;0
33;0
33;0
21;0
19;0
24;0,098
51;61
42;0
17;0
2;0
22;60
1;0
63;0
59;0
29;80
69;0
77;0
27;0
26;0
3;0
75;0
61;0
21;0,098
65;78
49;0
11;0
34;0
6;0
80;0
70;0,098
33;0
13;0
10;0
28;0
8;0
6;0
21;0
26;0
4;0
60;0
55;0
38;0
34;0
18;0
14;0
10;0
16;0
15;0
57;0
49;33
16;0
62;0,098
55;0,098
21;0
65;0
61;0
34;0
60;0
63;0
33;0
27;0
42;0
20;0
1;0
36;25,4
33;0
14;0
7;0
27;0
21;0
2;0
62;0
22;0
51;0
28;180
21;0
49;0
18;0
13;0
32;0
38;0
54;0
40;0
11;0
20;0,098
38;0,098
30;31
2;0
20;0
18;0
40;0
20;0
17;0
1;0
48;0
43;0
21;0
20;0
49;34
46;0
19;0
39;0
16;0
6;0
3;0
27;36
38;0
18;0
14;0
38;0
15;0
13;0
41;58
22;0
18;0
12;0
46;0
16;0
3;0
61;82
52;0
17;0
59;0
55;0
36;0
29;85
30;0
1;0
63;0,098
61;0
20;0
24;0
1;0
30;35
35;0
17;0
33;0
35;24
16;0
6;0
50;0
24;32
52;0
26;0
35;69
33;0
10;0
45;68
13;0
26;0
21;0
52;0
20;0
27;0
24;0,098
4;0
84;0
83;0
66;0
7;0
36;0
35;0
15;0
4;0
32;0
0;0
30;0
50;0
53;0,098
51;0
15;0
54;32
30;0
26;0
7;0
4;0
19;0
44;0,098
44;0,098
6;0
48;0
24;0,098
9;0
7;0
3;0
64;120
53;27,4
17;0
87;77,3
52;48
49;0
27;40
20;0
31;0
26;0
8;0
3;0
87;250
83;0
64;0
73;0
38;0
35;0
51;0
20;0
18;0
16;0
13;0
8;0
4;0
20;0,098
19;0
4;0
2;0
36;0
21;0
26;0
0;0
28;41
44;26
34;26
13;0
36;30
30;0
12;0
33;0
31;0
0;0
56;0
60;0
15;0
12;0
56;0,098
54;0,098
13;0
4;0
4;0
86;0,098
78;78
77;0
55;26
28;0
38;0
34;0
10;0
8;0
64;80,5
49;80,5
53;0
52;80,544
21;0
55;0,098
45;0
27;0,098
17;0
50;0
47;0
24;0
24;0
7;0
2;0
86;0
59;80,544
25;28,48
32;26,974
48;0
9;0
44;0
20;0
17;0
14;0
36;0
29;0
10;0
3;0
46;0
31;0
9;0
5;0
53;0
44;0
18;0
16;0
54;0
31;0
25;32
1;0
38;30
43;0
18;0
9;0
21;0
49;0
39;0
22;0
0;0
10;0
19;30
19;25,8
27;0
33;88
8;0
1;0
59;0
24;0
18;0
22;0
28;28
3;0
2;0
83;0
23;0
22;0
49;0
7;0
5;0
80;0
35;0
24;25,744
14;0
57;81
63;79
19;0
39;0
53;83
45;0
41;62
19;0
38;36
35;0
10;0
0;0
66;0
58;0
32;0
26;0
56;0
47;0
27;24
28;31,6
79;0
20;28
52;0
50;0
26;0
22;29
29;0
30;0
3;0
78;0
74;0
38;39
20;0
19;25,8
16;39
4;0
58;80,5
22;0
20;0
29;31,2
55;0
42;77,3
16;0
6;0
34;0
33;0
6;0
3;0
29;25,8
19;0
10;0
8;0
3;0
1;0
56;0
34;0
23;25,8
43;0
38;0
17;0
14;0
6;0
45;0
36;0
5;0
0;0
25;32
20;0
2;0
58;0
47;25,7
46;0
34;25,7
14;0
13;0
11;0
69;240
72;0
20;0
64;0
58;125
36;60
63;129
26;150
46;0
40;25,774
33;80,6
55;25,774
34;0
27;25,774
1;0
43;60
35;0
2;0
37;0
24;0
46;0
48;25,8
18;0
14;0
36;0
45;0
43;0
13;0
45;80,5
42;80,5
21;0
17;0
12;0
35;25,774
28;0
11;0
5;0
4;0
2;0
35;0
49;0
21;0
16;0
14;0
3;0
63;0,098
61;0
35;81
30;0,098
35;0
19;0
0;0
17;0
15;0
78;0,098
80;0,098
41;0,098
28;90
41;0,098
33;0,098
26;0
38;0,098
38;0
16;0
10;0
8;0
58;0
59;0
40;0
27;0
34;0
13;0
11;0
6;0
4;0
0;0
76;0
42;0
32;0
8;0
5;0
31;0,098
38;0
29;0
17;0
13;0
11;0
11;0
10;0
9;0
47;0,098
47;0
29;0
13;0
41;0,098
38;0
19;0
13;0
4;0
37;0
33;0
10;0
7;0
43;0
34;0
20;0
18;0
10;0
4;0
23;0
20;0
2;0
47;0
46;48
17;0
68;80,5
64;0
22;0
39;0
25;0
6;0
66;0
35;0
20;0
19;0
17;0
13;0
49;0,099
40;0
24;0
21;0
19;0
52;82
65;0
54;0
53;0
28;0
22;0
20;0
19;0
52;82
53;0
23;0,098
26;30
31;0
6;0
58;0
53;80,55
23;0
78;230
57;0,098
37;0,098
33;90
17;0
53;0,098
50;0,098
28;0
24;0
63;0
63;0
24;0
75;0
84;0
44;0
85;0
68;89
41;85
32;0
24;89
21;0
16;0
67;0
59;300,6
48;80,5
46;0
25;80,5
16;0
16;0
12;0
25;25,774
20;0
1;0
20;0
34;0
11;0
6;0
31;25,774
11;0
67;0
74;0
50;0
36;74
16;0
13;0
56;0
46;0
16;0
12;0
7;0
58;0
55;191,9
20;0
19;0
15;0
33;70
31;65
4;0
2;0
65;0
22;0
20;0
6;0
3;0
0;0
24;90
24;25,775
35;0
31;0
14;0
12;0
4;0
44;0
51;0
31;40
25;0
7;0
1;0
29;0
33;79
9;0
28;0
12;0
6;0
44;0
37;0
17;0
16;0
14;0
12;0
7;0
5;0
29;25,774
26;0
4;0
2;0
46;0
20;0
27;0
69;0
62;0
9;0
51;25,774
44;80,4
38;78
36;0
18;0
9;0
7;0
63;135,8
28;80
7;0
65;77,322
20;25,774
19;0
68;0
57;0
28;0
69;460
85;0
70;0
76;0
42;60
20;60
14;30
12;30
50;0
46;0
24;50
20;0
14;0
33;73
6;0
30;0
35;25
2;0
64;0
40;0
19;0
8;0
33;60
25;0
0;0
49;60
75;0
73;0
40;0
17;0
15;0
7;0
19;25
23;0
3;0
66;0
47;0
36;0
15;0
13;0
4;0
34;0
72;75
45;0
15;0
11;0
52;0
32;25
25;26
39;0
20;0
18;0
12;0
10;0
6;0
57;0
20;0
15;0
33;80
27;0
6;0
1;0
17;0
1;0
21;0
8;0
46;0
19;0
0;0
17;0
15;0
12;0
8;0
65;0
67;0
27;0
41;0
56;0
46;0
3;0
89;0
70;0
47;0
50;0
77;0
55;0
50;0
15;0
9;0
5;0
43;24,5
52;0
25;97
29;0
52;0
18;0
93;0
49;0
42;67
6;0
17;0
16;0
13;0
61;0,099
50;70
24;61,4
21;0
15;0
44;32
40;0
16;0
75;0
43;0
13;0
31;48
31;36
13;0
51;0
50;0
27;56
20;0
81;0
49;0
34;0
18;0
9;0
7;0
47;81
54;0
24;24,5
35;0
3;0
84;83,5
47;0
49;0
21;24,5
15;0
53;56
46;0
22;24,5
9;0
73;0
46;78
65;62
73;0
26;0
38;96,7
38;0
16;0
4;0
64;0
70;0
32;0
30;40
30;25,774
86;211,9
44;0
36;80,4
14;0
65;0
21;0
62;80,5
67;77,322
61;77,322
55;0
23;25,7
51;0
45;80,5
15;0
13;0
6;0
52;0
37;25,7
15;0
62;0
60;0
25;25,7
73;0
47;0
47;26
62;0
18;0
52;80,5
41;0
41;0
30;26
11;0
42;0
4;0
37;0
71;77
35;30
45;32
5;0
31;80,5
25;0
1;0
28;25,35
26;25,35
4;0
2;0
44;0
41;80,5
39;80,5
7;0
67;0
80;0
63;0
33;0
36;0
15;0
52;0
23;30
35;0
33;0
8;0
47;25,774
25;0
3;0
66;0
60;0
24;25,774
19;0
75;0
48;0
76;0
18;0
43;80
56;0
52;0
93;0
51;77,5
30;25,774
5;0
33;0
12;0
3;0
39;85
39;0
17;0
15;0
82;77,322
73;77,322
40;48
21;0
84;0
67;0
45;25,774
39;25,774
47;56
23;0
12;0
62;0
27;38
26;25,774
44;80,544
41;40
19;0
53;0
19;0
73;0
10;0
41;0
16;0
15;0
44;0
8;0
5;0
23;56
66;74
69;0
33;26
38;0
10;0
7;0
27;0
34;26
11;0
7;0
5;0
4;0
4;0
34;0
12;0
36;173
32;216
4;0
37;0
30;108
37;0
60;84
32;48
27;0,098
57;120
58;0
72;0,098
58;0
19;0
28;0
28;0
6;0
4;0
24;0
0;0
59;0
33;0
25;0
3;0
42;60
36;48
7;0
7;0
47;84
45;26
17;0
22;26
23;0
2;0
0;0
51;0,098
47;0
16;0
9;0
5;0
28;0
33;26
47;0
39;0,098
35;0
18;0
12;0
30;0
34;36
9;0
3;0
38;0
71;84
57;0
57;0
52;0,098
72;0
70;0
47;0
24;0
24;0
22;0
2;0
29;0
29;0
10;0
7;0
53;0,098
52;0
20;0
18;0
48;0
51;0
18;0
19;0
25;0,098
0;0
7;0
5;0
26;0
31;0
1;0
40;0,098
15;0
52;0,098
63;0,098
19;0
5;0
55;0
56;0,098
55;0,098
22;0,098
21;0
49;230
18;0
66;0,098
59;0
19;0
19;0
60;0,098
39;0
18;0
16;0
13;0
21;48
15;0
0;0
45;0,098
28;0
3;0
54;0,098
48;0
22;0
2;0
20;47
16;0
33;0,098
33;0
15;0
10;0
1;0
59;0
67;0
25;0
56;0
56;0
32;0
6;0
35;0
20;0
2;0
10;0
36;90
33;0
10;0
3;0
43;0
30;0
3;0
30;0
24;0
3;0
30;0
31;0,098
0;0
48;0
48;0,098
21;0
68;0,098
70;90
61;90
66;0,098
45;0,098
54;0
53;0,098
14;0
50;0,098
49;0,098
24;0
19;0
31;0
24;0
4;0
3;0
81;0,098
77;0
73;0
29;0,098
23;0,098
30;0,098
31;0
8;0
8;0
4;0
45;0
44;0
31;0
8;0
3;0
75;0
39;0
43;0
4;0
43;0
18;0
10;0
72;0
28;0
43;0
46;0
53;0
47;0
29;0
26;0
17;0
54;0
48;0
85;0
70;77,322
64;0
81;54,8
52;0
16;0
34;0
16;0
59;0
57;0
34;25,774
29;32,68
31;25,774
12;0
0;0
56;0
44;0
50;68
46;0
21;0
19;25,774
71;0
65;0
28;0
25;0
32;0
11;0
6;0
19;0
16;0
50;25,774
41;0
22;25,774
16;0
74;77,322
16;0
51;80,544
46;0
25;0
20;0
49;25,774
22;0
29;0
31;80,544
0;0
60;0
31;160
26;0
7;0
58;34
38;0
8;0
58;80,544
34;34
14;0
11;0
84;77,322
68;0
42;0
32;25,774
6;0
26;34
24;25,774
4;0
51;0
68;0
66;25,774
67;0
38;0
72;0
65;0
16;0
58;0
38;0
15;0
54;80,544
50;0
32;80,544
51;0
62;80,544
25;25,774
38;62,4
32;140
10;0
67;456
61;0
36;77,322
68;156
48;61,6
46;80,544
16;0
23;51,548
25;38,8
2;0
63;108
65;77,322
33;25,774
9;0
86;0
68;77,322
70;80,544
64;132
91;0
94;0
66;0
56;80,544
51;0
79;0
49;25,774
29;0
35;92
28;0
10;0
5;0
58;366,64
30;0
33;163,45
33;163,45
33;38,4
31;0
10;0
2;0
23;0
47;52
50;0
24;34
23;0
46;0
48;0
44;25,774
47;0
51;25,774
20;25,774
9;0
55;25,774
57;0
23;0
56;25,774
49;0
26;40
28;0
2;0
36;0
37;40
19;48
15;0
12;0
65;0
38;0
29;48
30;62
32;0
26;80,544
42;61,2
19;0
36;60
57;0
24;60
53;0
52;0
30;0
28;25,774
33;0
13;0
39;0
14;0
57;0
61;124,08
27;31,84
3;0
11;0
40;0
31;0
8;0
32;28
3;0
34;0
27;0
10;0
9;0
6;0
46;104
53;0
19;0
47;20
28;80,544
71;77,322
28;0
0;0
25;0
73;0,098
71;0
28;0
54;0
41;0,098
21;24,4
10;0
54;0,098
45;0
12;0
17;0
52;0,098
51;0
19;0
17;0
2;0
52;0
17;0
30;0
27;0
10;0
2;0
57;0
24;0
69;0
71;0
49;0
50;0
24;0
13;0
45;0,098
24;0,098
19;0
38;0
39;0
17;0
26;0
27;0
28;0
22;0
60;0
36;0
86;0
23;0
47;0
55;0,098
38;80
12;0
77;0
56;0
26;0
24;0
20;24
16;0
48;0
41;24
14;0
57;0,098
56;0
28;0
30;0
30;0
13;0
2;0
39;24
21;0
18;0
17;0
14;0
47;0,098
44;0,098
67;80,5
54;80,5
33;0
33;0,098
12;0
1;0
33;0,098
33;0
82;0
53;0
25;0,098
24;0
40;0
20;0
36;0
48;0
30;0
43;0,098
23;0
17;0
10;0
31;0
29;0,098
5;0
41;150
37;0,098
14;0
12;0
33;26
30;100
1;0
72;0
36;0
45;0,098
42;0
16;0
55;0
23;0
40;0
34;0,098
6;0
1;0
50;0
37;86
19;0
17;0
3;0
49;0,098
48;0,098
22;0
21;0
37;26
29;26
11;0
9;0
49;0,098
48;0
19;0
19;0
44;0
11;0
34;75
41;0
11;0
3;0
58;0
15;0
11;0
4;0
35;0
30;0
27;0
5;0
3;0
65;0
55;0
30;0
12;0
9;0
8;0
38;0
37;0
18;0
17;0
16;0
74;0
68;0
41;25
20;0
53;25
62;0,099
24;0
54;0
77;225
52;0
58;0
7;0
70;0
47;0
47;0,098
22;0
44;25
50;0
20;82
19;0
3;0
61;0
83;0
27;0,098
28;0
4;0
32;85
30;0
5;0
54;0
27;0
29;0,098
1;0
31;0
30;0
5;0
44;0
14;0
59;80,5
36;0,098
36;80,5
9;0
5;0
51;80,5
81;0
63;0,098
41;0
34;25,75
18;0,098
3;0
78;0
79;0
50;0
27;25,774
45;0
43;0
22;0
11;0
9;0
68;120
37;0
13;0
51;0
22;0
15;0
32;0
6;0
25;25,774
24;0
7;0
6;0
53;0
32;0
17;0
14;0
13;0
63;0
35;0
37;0,098
6;0
0;0
72;336
71;0
59;80,5
70;0
12;0
38;0
35;0
17;0
11;0
4;0
26;0
19;0
27;0
24;0
63;0
43;0
32;0
12;0
9;0
5;0
60;0
32;0
37;0
41;0
15;0
11;0
7;0
35;0
39;80,5
18;52
17;0
9;0
20;60
28;0
22;28
38;120
27;0
0;0
38;80,5
16;0
59;25,8
37;0
12;0
10;0
79;0
62;0
34;0
96;0,098
62;0
49;0
22;0
55;0
67;0
64;0
17;0
27;32
29;0
71;0
45;80,5
51;0,098
16;0
27;0
25;80,5
40;120
27;0
38;25,774
0;0
18;0
55;25,774
24;0
18;0
16;0
36;33,6
33;0
15;0
13;0
11;0
39;25,774
39;0
6;0
70;0
48;336
43;0
22;0
20;0
12;0
63;0
42;0
22;32
25;0
21;25,774
63;0
34;0
14;0
5;0
42;0
32;0
7;0
5;0
49;0
57;0
53;0
37;0
18;0
0;0
39;0
11;0
3;0
1;0
44;0
17;0
14;0
40;25,774
43;25,7
13;0
52;0
53;80,5
15;0
27;52
27;0
3;0
29;0
23;0
0;0
27;0
31;0
10;0
3;0
30;25,774
27;0
8;0
47;0
18;0
70;0
51;0
21;25,774
58;0
71;0
69;0
29;25,774
32;25,774
82;77,322
72;0
47;0
26;0
46;0
16;0
14;0
12;0
23;0
82;0
18;0
57;0
50;0
29;25,774
29;25,774
2;0
45;25,774
39;0
62;0
51;80,5
48;80,5
25;52
45;0
30;0
0;0
45;0
21;0
13;0
71;0
38;0
40;0
11;0
57;0
37;0
19;0
17;0
12;0
59;0
31;80,5
26;25,774
5;0
3;0
66;0
64;0
40;100
12;0
8;0
45;0
16;0
22;0
25;25,774
1;0
45;0
54;0
31;0
4;0
83;0
52;85
49;0
28;0
28;0
0;0
55;45,9
63;0
25;0
20;0
31;42
30;0
0;0
40;0
18;0
2;0
47;0
15;0
11;0
29;0
6;0
4;0
0;0
48;0
45;25,8
21;0
13;0
9;0
6;0
53;0
8;0
26;0
34;54
34;0
4;0
16;0
13;0
25;0
72;0
43;0
90;0
73;0
23;0
23;0
21;0
29;0
12;0
1;0
41;25
35;0
11;0
3;0
43;25
44;25
35;42
6;0
36;0
15;0
8;0
3;0
25;40
75;0
22;0
65;100
49;0
49;0
12;0
67;0
45;0
15;0
27;0
11;0
9;0
82;0
79;0
59;0
51;0
77;0
73;0
28;0
3;0
79;0
34;25
40;25
10;0
4;0
0;0
30;130
5;0
42;130
16;0
15;0
34;25
30;25
13;0
7;0
58;82
49;0
18;0
15;0
44;0
40;25
13;0
33;0
58;0
49;0
13;0
42;0
45;0
17;0
13;0
80;0
71;0
53;0
23;0
34;0
28;0
6;0
54;0
53;82
34;0
39;0,098
14;0
10;0
6;0
64;84
28;0
13;0
9;0
66;200
59;0
24;0
16;0
65;90
62;0
41;74
38;82
3;0
0;0
36;80
37;0
11;0
7;0
78;70
55;0
52;0
54;0
22;0,098
21;0
54;82
33;0
32;0
54;82
54;0
10;0
27;0
50;0
45;0
20;0
13;0
10;0
8;0
5;0
27;0
51;0
14;0
79;0
69;0
27;0
32;0,098
76;0
40;0
43;0
17;0
11;0
30;0
30;0
10;0
3;0
19;0
66;0
52;0
50;0
45;0
39;0
20;0
18;0
48;0
75;0
50;0
27;50
14;0
59;0
34;0
42;0,098
16;0
15;0
28;26
5;0
54;0
31;0,098
7;0
25;0
29;0,098
2;0
46;0
41;0
19;0
16;0
11;0
59;0
52;0,098
46;0
23;0,098
21;0,098
16;0
60;0
33;0
24;0
48;80,5
33;0
7;0
31;0
18;0
4;0
13;0
28;0
31;0
12;0
11;0
9;0
46;28
37;28
7;0
48;0
32;0
9;0
5;0
51;0
45;0
12;0
21;0,098
40;28
30;28
6;0
52;0
53;0
28;30
25;0,098
44;0
11;0
10;0
7;0
24;0
70;0
52;0
34;0
32;32
30;0
3;0
38;0,098
33;0
9;0
8;0
55;0
56;0
24;0,098
19;0
2;0
0;0
11;0
33;0
32;56
12;0
10;0
6;0
46;0
47;0
18;0
14;0
84;0
44;0
23;0
21;0
17;0
1;0
65;0
62;0
13;0
10;0
67;1400
65;0,098
34;0
33;0
14;0
12;0
9;0
72;0
22;0
1;0
50;0
24;0
16;0
11;0
79;82
57;0
46;0,098
42;0
11;0
10;0
51;0
30;0
25;0
9;0
1;0
31;0
15;0
31;0
55;25,5
48;25,5
58;0
17;0
15;0
54;26
68;0
78;0,099
74;0
29;0,099
22;0
1;0
54;82
22;0
21;0,098
19;0
47;0,099
30;0
7;0
4;0
55;0,099
37;0
5;0
65;0
26;0,099
27;26
4;0
31;0
50;0
44;0
22;25,5
18;0
16;0
12;0
69;0
43;0,099
7;0
5;0
74;0
19;0
42;70
34;0,099
47;0
27;0
19;0
22;0
21;25,773
0;0
19;0
18;0
25;25,773
19;0
1;0
37;0
30;0
11;0
6;0
24;25,773
19;0
22;0
55;0,099
55;0,099
20;0
49;0,099
41;0
11;0
30;0
30;80,542
5;0
66;94,5
34;0
33;0
36;34
7;0
27;100
38;0
69;400
57;450
20;0
18;0
39;0
60;80,542
50;0
43;0
19;0
18;0
56;0
33;0
47;0
42;0
20;0
21;0
23;0,099
3;0
39;0
56;0
59;0
25;0
20;0
1;0
22;0
20;0
60;530
26;0,098
40;44,7
41;45
18;0
67;70
50;0
26;0,098
23;0
28;0
24;0
4;0
30;80
5;0
41;28
5;0
80;0
73;0
30;0
23;24
46;34
68;350
65;350
33;76
13;0
51;0
72;0
36;40
21;0
2;0
54;67
49;0
19;0,098
17;0
56;0
53;0
26;0
21;24
33;30
38;0
13;0
7;0
3;0
0;0
69;0
22;0
25;24
2;0
56;0
21;0,098
35;0
13;0
12;0
7;0
20;0
46;0
46;0
17;0
15;0
82;0,098
19;0
19;0
76;0,098
52;0
33;80,3
23;0
4;0
49;0
29;0
6;0
22;0
52;0
39;0
18;0
71;0
43;36
44;0
12;0
42;30
36;0
36;25,7
45;0
11;0
8;0
7;0
40;0
43;0
18;0
9;0
23;21,6
21;25,7
1;0
45;0
27;80,4
20;0
25;0
5;0
20;0
27;27,5
4;0
50;80,4
40;0
17;0
13;0
9;0
7;0
58;0
57;80,4
35;0
32;27,5
29;27,5
59;80,4
19;0
52;148
47;27,5
48;0
22;0
9;0
26;0
25;0
3;0
20;0
38;0,098
38;0
3;0
2;0
49;0
18;0
26;27,5
32;0
1;0
49;0
26;0
22;0
3;0
1;0
33;0
15;0
7;0
39;27,5
38;27,5
2;0
53;0
26;0
21;0
19;0
53;0
26;0
16;0
46;0,098
37;0
15;0
14;0
58;0,098
48;0
25;0
21;0
18;0
37;80,4
17;0
15;0
14;0
55;0
48;0,098
19;0
84;0,098
57;0,098
54;98
50;0,098
22;0
61;77,3
66;0
71;0
64;0
15;0
12;0
55;0,098
52;0,098
20;0
26;0
22;80
47;0
37;0
20;0
16;0
12;0
7;0
60;0
49;0
19;26
52;0
51;0
53;51,2
30;0
23;0
13;0
10;0
9;0
52;0
48;0
58;0
33;0
58;0
60;0
32;28
39;74
21;0
3;0
19;32
49;85
46;0
29;35
1;0
43;0
72;100
57;0
36;80
27;33
42;70
4;0
0;0
47;0
27;0
0;0
57;0,098
45;0
8;0
53;0
56;0
25;0
24;0,098
1;0
35;0
47;0
34;0
7;0
29;0
22;102
73;0
54;80,5
51;80,544
39;0
38;0,098
34;0
4;0
3;0
0;0
40;26
41;0
18;0
15;0
10;0
28;0
30;0
12;0
1;0
54;86
23;0,098
25;0
3;0
87;0
34;0
33;0
16;0
13;0
10;0
43;81
42;0
15;0
12;0
63;152
37;30
49;0
11;0
42;0
37;30
37;80,5
20;34
11;0
43;0
32;0
6;0
58;0
62;0
25;25
62;100
72;0
24;0
2;0
52;0
50;0
23;25
27;25
32;53
23;0
5;0
0;0
54;80,5
52;0
20;0
75;260
51;77,2
50;0
43;0
21;0
15;0
32;52
31;0
10;0
6;0
27;34
21;0
33;0
16;0
14;0
7;0
69;0
53;0
17;0
29;0
26;0
7;0
3;0
75;25
50;0
22;0
16;0
23;0
2;0
37;49
39;55
3;0
46;40
61;0
57;0
55;0
31;0,098
0;0
35;0
16;0
7;0
74;0
31;86
35;0,098
27;0,098
59;193,8
62;200
58;0,099
21;0
61;23
65;0
30;0
2;0
38;44
15;0
13;0
25;24
23;0
5;0
4;0
0;0
37;18,4
18;0
14;0
8;0
65;80,5
69;0
36;0
80;0,098
54;0
52;0
58;0
55;0
33;0
13;0
10;0
32;0
40;0
29;0
12;0
9;0
2;0
22;0
0;0
19;0
18;0
14;0
24;0
37;360
25;220
55;0
61;0
41;0
39;0
17;0
15;0
20;0
26;0
63;0
30;0
9;0
5;0
0;0
82;0
17;0
54;25,6
47;0
26;0
22;0,098
4;0
83;0
68;0
72;0
69;79
64;0
83;0
58;90
71;0
29;25,774
57;0
19;0
22;0
20;0
1;0
51;0
23;0
22;0
20;0
62;0
75;0
72;0
42;0
29;80,5
26;27,75
35;100
14;0
9;0
37;100
45;0
18;0
0;0
41;0
26;24
8;0
21;0
18;0
55;250
20;0
35;0
33;31,6
25;48
39;0
15;0
5;0
19;0
16;0
20;0
17;0
21;0
80;80,5
52;100
56;400
40;80,5
29;0
35;0
38;0
15;0
11;0
11;0
11;0
30;0
17;0
1;0
72;77,322
55;0
43;0
5;0
52;0
48;80,5
21;0
13;0
47;0
35;80,5
2;0
0;0
72;0
79;300
52;120
49;87
49;0
32;30
24;25,811
2;0
27;0
49;0
46;0
11;0
8;0
59;28
56;0
24;0
5;0
65;400
39;0
21;0
17;0
0;0
15;0
13;0
24;0
46;0
44;0
17;0
11;0
9;0
31;60
30;25,8
66;350
61;359
35;192
31;80,5
49;80,5
39;0
21;0
19;0
18;0
13;0
35;80,5
46;200
9;0
59;0
74;0
34;26
40;0
47;0
17;0
9;0
48;80,5
48;0,098
24;40
21;0
17;0
74;78
40;0
40;0
11;0
7;0
45;0
44;0
2;0
69;0
21;0
4;0
35;0
37;25,8
7;0
4;0
59;0
5;0
39;48
37;30
11;0
3;0
55;0
23;25,8
22;0
0;0
48;0
52;300
19;0
40;0
18;0
17;0
3;0
32;0,098
35;25
8;0
0;0
46;0
51;0
19;0
13;0
10;0
78;0
76;0
53;0,098
51;0
21;0
15;0
30;81,635
20;0,098
51;84
48;0,098
21;0
17;0
14;0
16;0
42;0
30;0
3;0
63;113
36;0,098
16;0
13;0
43;0
36;0
21;0,098
19;0
9;0
56;0,098
44;0,098
21;0
36;0,098
30;0
5;0
43;0
50;0
51;0
24;0
27;16
31;0,098
7;0
96;0
53;0,098
22;0,098
35;0,098
27;0,098
1;0
71;71
42;0
14;0
10;0
65;0
36;0
28;0,098
27;0
9;0
3;0
48;180
39;180
9;0
4;0
0;0
28;0
77;0
55;0
27;0
23;30
50;0,098
36;0
29;0
3;0
34;0,098
39;0
11;0
5;0
43;0
41;0
23;0
19;0
18;0
13;0
75;0,098
74;0
80;120
67;0
45;0,098
54;80
22;0
21;0
14;0
47;48
46;0,098
24;30
23;0
17;0
8;0
33;32
23;0
0;0
43;50
38;0
15;0
5;0
85;78
26;0,098
28;0
0;0
59;0
83;0
56;0
62;0
28;0
39;0,098
33;0
9;0
3;0
73;0
31;0,098
11;0
3;0
24;0
25;0
2;0
38;247
11;0
56;0
76;0
32;48
43;0,099
52;0
18;0
11;0
42;77
21;0
16;0
10;0
82;0,098
78;0
47;0
15;0
15;0
72;0
41;0
64;78
22;0
40;0
1;0
35;0
32;0
11;0
4;0
1;0
41;0
71;0
59;0
37;0
18;0
31;0,099
25;0
2;0
18;0
37;0
31;0
8;0
73;0
75;0
49;40
48;0
10;0
66;0
21;0
27;25,774
24;0
23;74
50;0
51;74
17;0
61;74
31;0
22;0
21;0
32;25,774
25;220
20;0
54;0
69;350
86;79
40;180
21;0
19;0
9;0
6;0
64;0
21;0
18;0
16;0
45;0
46;25,775
40;0
17;0
14;0
63;0
57;0
23;79
24;0
32;25,775
31;25,775
20;0
2;0
52;0
41;0
23;36
17;0
60;0,098
60;0
39;0,098
53;0
47;0
10;0
66;0
37;0
44;85
15;0
33;25,774
36;0
19;0
1;0
49;0
18;0
66;73
65;0
27;0
7;0
45;0
26;70
21;0
12;0
32;50
22;0,098
33;32
33;28
18;0
14;0
10;0
44;0
41;0
22;0
18;0
11;0
5;0
39;0
33;81
14;0
4;0
0;0
29;0
26;26
2;0
53;0
44;0
17;0
27;26
7;0
29;26
21;26
22;0
42;26
13;0
11;0
21;26
54;26
52;0
21;26
29;26
8;0
42;0
35;0
17;0
14;0
28;24,5
22;0
0;0
21;0
25;24,5
48;0
22;24,5
25;80,5
1;0
24;24,5
26;25
7;0
5;0
22;0
19;0
36;0
6;0
43;0
20;0
1;0
14;0
24;24,5
4;0
29;0
28;24,5
11;0
7;0
50;0
19;72
24;24,5
25;24,5
4;0
77;0
28;0
12;0
6;0
68;200
43;0
16;0
14;0
32;0,098
32;0
55;35
42;0
21;0
12;0
6;0
48;0
20;0
4;0
0;0
50;0
44;24,5
19;0
18;0
65;0
42;0
45;0
25;0
19;0
17;0
8;0
41;0,099
41;0
20;25,774
13;0
12;0
37;74
36;74
15;0
10;0
37;0
31;25,775
13;0
6;0
52;0
46;0
18;0
19;0
12;0
11;0
5;0
19;0
1;0
49;0
30;40
34;0
32;80,4
33;0
11;0
24;0
26;25,774
3;0
58;25,774
40;25,774
16;0
46;80,4
46;0
23;0
5;0
65;0
45;0
21;0
33;0
53;150
49;0
19;0
16;0
11;0
31;0
30;0
18;0
19;0
40;80
36;35
11;0
8;0
48;0
44;0
8;0
47;50
13;0
5;0
32;94
29;30
22;26
27;0
30;0
9;0
7;0
60;26
47;0
48;0,098
20;0
6;0
2;0
78;85
57;0
11;0
44;110
44;0
19;0
23;0
20;0
36;0
37;92
14;0
6;0
30;0,098
30;0
15;0
30;0
33;80,5
34;0
7;0
0;0
64;0
52;0
26;48
24;28
27;80,5
24;0
0;0
26;0
58;80,5
46;28
18;0
57;80,5
36;0
29;0
12;0
10;0
76;0
54;0
47;0,098
28;0
8;0
20;0
18;0
16;0
11;0
9;0
8;0
63;77,4
61;0
26;0
20;25,8
67;132
42;0
28;100
21;0
3;0
54;0
32;80,5
31;80,5
8;0
3;0
37;25,8
37;0
10;0
7;0
4;0
26;32
26;0
3;0
0;0
29;32
56;77
19;0
16;0
33;0
11;0
4;0
30;0
20;32
20;0
54;0
27;0
7;0
2;0
45;0
22;0
21;25,8
18;0
37;80
12;0
59;450
21;0
43;0
47;0
18;0
10;0
52;25,8
12;0
23;0
21;0
51;25,8
50;0
24;0
20;0
3;0
0;0
4;0
1;0
28;25,8
39;0
4;0
0;0
56;80,5
52;0
18;0
22;0
26;25,8
1;0
54;197
26;80,5
59;60
57;0
15;0
63;80,7
61;80,7
18;0
63;0
80;0
38;80,7
13;0
70;0
43;80,7
41;0
22;48
16;0
35;80,7
31;0
11;0
8;0
55;0
57;0
26;25
24;27,4
8;0
68;600
60;0
35;200
30;200
39;0
22;25
12;0
21;0
21;0
1;0
28;0
11;0
9;0
6;0
31;0
9;0
6;0
42;0
12;0
9;0
72;120
60;0
28;0
2;0
33;0
37;86
13;0
9;0
7;0
1;0
35;25
37;0
5;0
3;0
49;0
45;0
22;27,4
21;0
27;0
22;0
2;0
22;0
27;0
65;77,322
27;0,098
9;0
36;48
30;25,8
12;0
10;0
49;76
47;0
19;0
16;0
55;160
36;30
13;0
11;0
46;25,8
41;0
12;0
56;85
34;94
31;0
34;77,322
10;0
4;0
35;34
38;0
57;264
51;0
30;0
24;0
2;0
7;0
1;0
27;44,067
5;0
44;0
21;80,6
71;0
54;0
57;0
23;0
21;0
82;0
79;0
37;26
58;26
22;0
36;25,35
29;0
13;0
8;0
5;0
49;0
15;0
26;0
21;0
5;0
74;0
51;0
45;0
79;0
52;0
29;25,35
14;0
81;0
34;0
28;0
12;0
11;0
13;0
54;48
46;28,8
10;0
28;0
24;0
4;0
46;0
40;34
10;0
45;40,2
42;25,77
23;0
14;0
21;25,77
30;0
81;0
50;0
43;0
23;0
17;0
15;0
59;77,32
33;0
16;0
9;0
49;0
14;0
72;0
86;0
49;0
9;0
24;0
18;0
48;0
47;26
31;40
77;0
10;0
62;80,5
57;0
66;0
23;0
30;0
19;0
57;0
35;0
37;0
17;35
50;0
56;77,322
25;80,5
18;0
30;34
28;0
58;26
10;0
7;0
60;25,774
57;0
25;28
0;0
30;0
12;0
32;0
8;0
6;0
79;144
72;0
53;26
52;38
41;0
21;0
1;0
16;0
10;0
57;144
46;0
25;64
66;77,5
32;28
43;0
24;24,7
9;0
27;25,774
28;25,774
35;32
43;0
83;0
25;0
19;0
39;32
30;0
13;0
9;0
5;0
26;48
26;32
32;120
7;0
35;0
57;460
49;80,5
19;0
10;0
38;32
17;0
4;0
42;20
29;80,5
41;71
37;75
9;0
46;25,8
43;0
23;25,8
17;0
25;25,8
23;0
5;0
0;0
24;25,8
22;0
4;0
62;0
62;0
35;25,8
34;25,8
41;0
43;0
22;0
23;25,7
26;0
66;77,4
56;77,4
28;28,7
23;0
62;77,4
31;0
11;0
9;0
6;0
45;0
70;0
81;0,098
57;80,7
54;432
51;80,7
80;77,4
50;0
44;80,7
13;0
9;0
63;80,7
58;80,7
93;0,098
98;0
54;0
43;0
31;0
75;0
50;0
20;0
35;0
32;0
15;0
46;80,7
41;0
19;0
17;0
9;0
58;0
42;25,8
18;25,8
16;0
15;0
80;0
30;60
31;36
2;0
46;25,8
44;25,8
17;0
16;0
14;0
18;0
1;0
36;0
33;60
13;0
4;0
57;0
39;80,6
38;0
18;0
8;0
34;0
34;0
12;0
5;0
51;60
47;0
24;40
22;25,774
21;0
19;0
36;80,6
64;80,6
28;0
58;0,098
70;0,098
24;0,098
55;0
60;0
58;0
26;0
21;0
3;0
29;0
29;0,098
1;0
38;0
31;0
8;0
29;0
67;0,099
65;0
30;0,098
28;0,098
7;0
1;0
62;0
35;0
45;0,098
5;0
33;0
14;0
35;0,098
36;0
9;0
3;0
49;0
51;0,098
29;0,098
7;0
47;0
38;0,098
18;0
94;0
48;0
47;0
18;0
16;0
71;0
80;0
40;0
28;0
37;0
8;0
27;0
28;0
5;0
33;0
2;0
31;0,098
42;0
45;0,098
10;0
70;0
68;0
40;0
45;0
15;0
74;0,098
69;0,098
50;0
19;0
11;0
16;0
59;0,099
30;0,098
40;0,099
50;0
2;0
49;0,098
50;0
21;0
16;0
15;0
72;0,098
92;0
50;0,098
45;0
22;0
79;0
65;81
41;0,098
14;0
12;0
15;0
72;76
69;0
23;0
3;0
20;0
4;0
2;0
85;0
67;0
46;0
67;0
44;0,098
19;0
30;0,098
26;0,098
24;0
30;0
8;0
3;0
57;0
14;0
52;0
24;0,098
17;0
25;0,098
26;0,098
0;0
52;81
50;0
32;0,098
13;0
48;0,098
45;0
20;0,098
15;0
10;0
60;0,098
37;81
12;0
10;0
52;0
59;0
33;0,098
32;0
15;0
12;0
10;0
8;0
23;0
19;0
32;0,098
9;0
5;0
65;0
75;0
23;0,098
19;0
21;0
0;0
20;0
49;0
45;81
22;0,098
21;0
15;0
36;0
33;0
16;0
67;0
40;0
18;0
7;0
45;0
35;0
4;0
0;0
64;0,098
40;0
17;0
18;0
90;0
67;80
62;0
60;0
57;0
28;0
62;0
31;0
59;0
33;0
18;0
16;0
71;0
67;0
57;0
41;28
32;0,098
25;0
7;0
54;0
53;0
24;0
15;0
9;0
5;0
5;0
4;0
4;0
3;0
31;26
28;0
26;0
37;0
38;90
12;0
2;0
74;88
46;40
21;0
43;32
31;0
0;0
26;0
50;80
58;0
9;0
24;0
20;0
64;0
29;26
32;70
8;0
56;0
51;26
22;0
17;0
25;0
34;0
32;26
14;0
11;0
35;26
11;0
6;0
76;0,098
51;0
19;0
11;0
41;0
36;0
18;0
11;0
44;0
17;0
18;0
37;0
37;0
16;0
16;0
9;0
82;0
80;0
24;0,098
20;0
1;0
44;0
45;0
17;0
13;0
42;0
45;0
13;0
34;0
27;0
9;0
6;0
32;0
26;0
81;0
81;180
47;24,6
23;0,098
21;0,098
17;0
66;0
23;0,098
45;0,098
42;0
19;0
16;0
15;0
47;0
40;0,098
11;0
10;0
3;0
49;0,098
82;0
62;0,098
80;0,098
43;0,098
53;0,098
20;0
44;0,098
71;102
76;0
72;0
47;0
17;0
53;0,098
23;28
49;0,098
44;0
17;0
12;0
64;32
47;0
29;32
28;0
33;30
7;0
48;160
47;0
14;0
10;0
55;80
41;0
41;0
20;0
18;0
14;0
46;0
59;0
23;0
32;36
4;0
0;0
25;0
28;0
8;0
5;0
3;0
31;0
28;0
10;0
8;0
68;0
24;0
49;0
27;32
22;0
52;0
53;0
54;0
31;0
36;0
64;0
32;120
82;0,098
43;160
9;0
46;0
64;90
18;0
14;0
84;0,098
56;80
68;45
23;0
40;52
41;0
16;0
38;140
35;0
12;0
4;0
0;0
44;160
43;80
69;0
76;135
18;0
66;90
63;0
40;40
32;0
80;0
38;0,098
53;0
33;34
33;0,098
34;0,098
65;0
64;115
54;0
26;0
20;0
51;0
54;0
17;0
55;0
62;0
27;0
25;0
57;0
53;0
35;0
30;0,098
15;0
79;160
75;0
47;0,098
37;0,098
9;0
34;0
38;150
31;0
42;0
40;25,8
18;0,098
13;0
23;0
8;0
20;0
5;0
49;0
51;25,8
27;0,098
29;0
11;0
65;0
41;0
19;0
51;0
53;0
24;0
22;0
30;0,098
1;0
53;80,5
53;0
31;0,098
42;0
42;0
24;0
21;0
46;0
46;0
22;0
16;0
12;0
5;0
57;0
55;0,098
57;0
29;0,098
34;0
5;0
48;0
22;0
8;0
5;0
64;0
40;0,098
30;0,098
3;0
25;0
23;0
21;0
21;0
17;0
50;100
47;0,098
26;0,098
13;0
8;0
61;0,098
61;0,098
72;0
67;0
36;0
51;0,098
26;0
66;0,098
67;80
24;0
65;81,282
30;0,098
28;0
86;81,282
65;300
53;0
28;0
40;0
36;0
15;0
0;0
58;209
60;0,098
28;0
33;0
10;0
5;0
52;0
32;25
9;0
45;0
21;0
4;0
43;0,098
22;0
10;0
5;0
45;0
17;0
13;0
24;0
51;0,098
27;0
17;0
50;0,098
18;0
16;0
70;0
22;0
63;0
28;0
26;0
22;0
26;0
9;0
20;24
27;36
6;0
19;0
59;0
57;0
58;0
33;48
31;80,5
45;96
49;80
15;0
51;144
5;0
18;0
51;449
54;0
50;0
22;26
19;0
25;0
36;0
8;0
38;80
22;0
3;0
1;0
83;0
75;0
47;0
23;0
59;0
25;0
30;26
25;28
31;32
12;0
9;0
0;0
3;0
28;80,5
33;48
0;0
69;0
65;0
24;0
77;0
64;0
33;0
57;0
29;28
15;0
9;0
36;0
36;72
19;0
25;80,5
23;0
61;342
58;0,099
31;56
29;80,5
23;0
0;0
26;64
41;0
36;178
7;0
2;0
59;216
41;0
37;0
11;0
4;0
94;0
40;0
33;0
15;0
4;0
14;0
30;32
36;64
9;0
53;0
50;0
21;0
29;37,6
4;0
4;0
24;32
28;80
1;0
63;0
54;0
26;0
24;28
29;0
69;0
48;0
25;0
22;0
19;0
18;0
28;0
1;0
58;100
56;0
27;92
17;0
70;324
57;0
21;0
44;60
34;64
11;0
4;0
2;0
25;0
46;0,099
43;100
11;0
24;0
55;0,098
48;0,099
15;0
13;0
18;0
76;0
50;0
44;0
41;0
24;36
25;0
1;0
10;0
59;0
62;0
42;0
42;0
30;0
10;0
2;0
55;30
43;0
19;0
7;0
62;0
52;80,544
36;0
12;0
5;0
31;80,544
25;0
2;0
0;0
29;0
30;0
12;0
6;0
63;0
59;0
64;0
38;25,744
23;25,744
33;0
8;0
57;80,544
51;0
23;0
61;0
32;0
57;80,544
50;0
30;25,744
6;0
1;0
20;0
26;32
20;0
0;0
48;25,744
45;0
20;0
68;180
46;123
26;26
13;0
30;40
31;33,2
27;33,2
46;52
46;0
21;32,4
16;0
12;0
30;0
7;0
5;0
63;0
32;32
43;0
49;0
45;0
9;0
7;0
52;25,774
24;0
20;0
17;0
31;0
8;0
35;100
36;36
15;0
12;0
27;0
34;0
39;25,774
72;77,3
78;80,544
35;83,5
26;0
6;0
34;25,774
25;30
21;0
4;0
2;0
59;0
21;0,098
48;25,78
51;0
20;25,78
15;0
34;0
12;0
36;44
17;0
34;32
62;77,322
25;25,78
41;30
40;0
13;0
54;0
51;16
31;78
13;0
21;100
39;48
39;0
16;0
12;0
8;0
22;0
25;0,098
51;0,098
48;0,098
18;0
28;60
27;26
2;0
58;100
45;49
66;0
41;0,098
33;0,098
17;0
15;0
28;31,204
27;0
2;0
59;0
57;31,204
33;26
31;31,204
29;30
8;0
72;0
24;26,507
80;0
36;25
32;31,3
11;0
8;0
0;0
45;60
41;0
13;0
6;0
69;0
28;64
41;47
37;0
16;0
5;0
48;0
47;0
22;0
16;0
47;60
47;0
28;25,774
10;0
24;80,543
48;80
45;0
13;0
11;0
37;0,098
28;0
10;0
3;0
28;40
42;0,098
11;0
25;0,098
30;0,098
14;0
3;0
59;25,774
41;0
23;32
24;25,774
1;0
68;0
66;80,543
51;0
45;0
30;32,4
23;48
46;0,098
29;0
34;0
16;0
12;0
8;0
43;40
29;0
9;0
6;0
5;0
64;80,5
27;29,6
28;0
5;0
0;0
51;0
14;0
24;25,774
20;0
2;0
22;25,774
24;0,098
26;0,098
26;0
2;0
1;0
27;80
26;54
47;0
22;25,774
16;0
9;0
50;25,774
22;25,774
23;25,774
52;0
25;0
2;0
22;0
7;0
0;0
81;77,322
70;0
41;0
35;0
15;0
9;0
44;0
41;80,543
19;0
60;55
60;0
32;0
28;0,098
25;32
45;136
31;80,543
11;0
7;0
69;77,322
68;0
36;64
52;0,098
29;80,543
22;25,774
12;0
38;0
38;80,543
12;0
0;0
59;0
41;25,774
60;0
64;0
64;0
48;0
26;0,098
27;0
6;0
61;0
52;80,543
23;0
31;0,098
36;0
14;0
8;0
51;80,543
14;0
44;0,098
42;25,774
7;0
29;110
30;80,544
7;0
3;0
53;80,543
85;170
53;0
53;0
59;77,322
57;0
56;77,322
17;0
80;75
79;0
41;0
40;0
22;0
17;0
46;48
66;0
76;77,322
50;36
35;0
49;0
24;30
36;32
36;25,774
19;30
13;0
79;77,322
37;80,544
45;0,099
51;32
56;48
23;80,544
25;25,774
10;0
44;30
16;0
44;0
34;0
38;30
20;40
8;0
54;0
71;0
55;144
55;0
21;25,774
75;80,544
36;36
31;0
15;0
11;0
66;0
66;600
42;260
50;0
35;0
19;0
2;0
22;0
74;250
73;80,544
59;500
55;25,774
38;0
38;0
12;0
57;80,544
78;80,544
21;0
56;80,544
53;0
17;0
6;0
3;0
41;0
9;0
7;0
74;82
54;42
74;600
58;350
29;50
26;150
49;80
47;0
23;70
21;32
15;0
80;9,999
81;0
24;200
86;81,544
66;81,544
66;0
21;33
22;25,774
43;0
20;25,774
18;0
0;0
39;77,3
43;0
17;0
10;0
48;29
26;90
24;36
27;200
31;380
50;0
73;80
55;28,3
16;0
77;0
21;0
36;80,544
42;0
43;0,098
24;25,779
38;128
35;117,2
4;0
50;0,098
53;0
26;0,098
25;60
22;0
20;25,779
21;32
23;40
0;0
70;77,35
70;85
39;0
0;0
55;0
60;25,779
51;350
52;200
26;200
21;0
17;0
31;0
40;0
15;0
50;80,544
49;0
14;0
11;0
55;25,779
48;0
19;25,779
21;25,779
22;64
39;0
16;0
58;0
60;140
48;0,098
38;180
9;0
5;0
23;80,544
29;0
9;0
9;0
2;0
26;32
5;0
57;80,644
49;0
26;25,774
21;32
29;0,098
11;0
8;0
77;0
57;0
28;85
47;0
36;0,098
6;0
55;0
53;0,098
70;800
32;0,098
42;80,544
35;0
1;0
41;25,774
57;0
32;80,5
31;0
11;0
3;0
42;0
40;25,774
24;25,774
10;0
60;0
50;0
75;0
68;80,5
41;0
50;40
19;0
10;0
36;65
29;40
11;0
54;25,774
31;38,7
29;0
10;0
1;0
49;0
23;0
45;32
16;0
43;25,774
8;0
53;80,5
37;0
12;0
54;63,2
25;0
24;0
33;84,45
71;240
66;80,5
55;0
34;25,774
19;30
27;32
80;213
39;40
15;0
29;80
26;0
40;0
40;0
15;0
13;0
57;15
19;15
27;0
35;0
29;0
1;0
34;80,544
35;0
14;0
7;0
4;0
45;0
19;0
18;0
7;0
49;25,774
21;40
20;0
52;0
44;0
21;35,8
20;25,774
48;0
42;36
38;30
2;0
25;0
19;25,774
3;0
63;0
73;56
35;140
30;0
53;0
27;0
32;0
2;0
57;87
62;0
23;0
22;87
38;80,544
31;0
12;0
6;0
36;0
38;0
8;0
51;80,544
29;28
16;0
28;32
27;25,774
32;0
10;0
46;25,774
43;80
32;80
1;0
57;38
53;0
24;39
22;38
1;0
41;60
43;35
19;0
13;0
32;0
34;0
16;0
14;0
10;0
7;0
84;75
51;60
30;40
21;35
16;0
79;0
65;200
61;0
22;50
27;58,8
25;25,774
4;0
69;0
83;25,774
71;0
29;25,774
31;0
13;0
10;0
57;0
56;0
32;35,16
36;0
57;95,774
11;0
11;0
23;25,774
33;0,098
34;35
5;0
39;0
33;34
17;0
14;0
13;0
6;0
56;25,774
56;0
29;0,098
33;25,774
14;0
37;0
13;0
19;0
21;28
26;34,134
19;0
1;0
45;0
46;25,774
51;0
33;0
26;0
48;0
37;0
30;0
12;0
10;0
8;0
43;80,544
33;0
13;0
49;80,544
27;55,828
2;0
68;0
26;0
33;80,544
10;0
8;0
6;0
19;0
76;0
69;0
43;34
32;25,774
14;0
2;0
76;53
34;0
22;0
3;0
62;0
70;0
37;0
44;0,098
18;48
16;0
6;0
51;25,774
20;0
25;38
5;0
55;0
39;0
7;0
52;110
48;0
21;0
14;0
47;30
44;33,48
25;56
20;0
18;0
2;0
38;34
8;0
19;0
5;0
60;0
57;79
31;25,774
37;0
15;0
35;25,774
16;0
15;0
13;0
11;0
8;0
7;0
57;0
39;0
37;25,774
19;0
11;0
9;0
33;0
23;0
5;0
3;0
53;72
51;0
21;40
55;45
56;0
36;0
34;80,544
2;0
44;0
56;0
71;0
52;0
42;0
12;0
46;0
42;0
24;80,544
22;0
5;0
55;77,322
40;0
18;0
53;25,774
28;28
10;0
7;0
62;0
61;0
29;0
33;0
6;0
65;83
46;25,774
46;0
24;0
22;25,774
7;0
55;80,543
59;0
29;62,4
33;25,774
13;0
9;0
36;25,774
11;0
3;0
40;33
13;0
11;0
49;0
39;0
18;0
73;0
62;0
62;0
43;0
17;0
12;0
36;0
34;0
6;0
28;25,774
6;0
4;0
34;0
54;25,774
18;25,774
72;79
73;0
41;0
65;0
79;0
43;0
22;0
20;0
78;79
40;37
41;106
39;0
15;0
9;0
9;0
19;93
44;180
40;82
15;0
92;0
59;0
35;85
28;0,099
78;100
24;0
58;77,322
46;0
23;0
17;0
52;25,774
43;25,774
18;0
15;0
50;25,774
23;0
21;25,774
17;0
47;110
49;150
20;0
14;0
59;0
26;25,774
31;33,6
19;0
2;0
60;26,72
59;0
29;0
28;42,52
60;26
57;0
32;0
35;60
14;0
9;0
63;0
4;0
45;30
41;0
20;0
18;0
15;0
13;0
34;68
25;0
4;0
63;0
38;0
10;0
48;42
18;0
9;0
54;0
19;0
0;0
44;24,57
44;0
13;0
8;0
60;0
31;24,57
1;0
26;24,57
69;87,5
41;72
16;0
11;0
76;0
66;0
55;0
33;0
30;32
28;0
9;0
3;0
0;0
37;54,4
40;30
15;0
1;0
50;25
48;100
53;0
21;0
27;0
8;0
2;0
50;25,774
26;0
23;0
9;0
80;0
65;0
32;0
35;56
14;0
12;0
39;25,8
17;0
12;0
10;0
9;0
36;130
49;0
46;0
24;25,8
3;0
21;0
52;25,8
44;0
53;0
52;0
21;0
22;0
22;25,8
0;0
57;0
35;64
40;25,8
39;28
22;16
18;0
0;0
29;88
22;0
38;25,8
19;0
12;0
46;35
45;25,8
11;0
20;0
24;25,8
2;0
48;25,8
20;0
21;0
19;0
17;0
13;0
67;398
57;0
16;0
45;0
20;0
60;0
54;0
24;0
7;0
20;0
37;80,54
29;0
4;0
0;0
23;80,54
19;0
1;0
46;0
35;0
15;0
12;0
7;0
5;0
32;80
86;87,5
74;0
46;24,57
32;24,57
16;0
27;24,57
2;0
63;0
27;32
7;0
61;0
67;0
15;0
62;87,5
60;0
48;32
19;0
12;0
9;0
53;88
47;0
25;88
19;0
47;88
38;0
14;0
10;0
40;24,57
46;80,54
30;0
6;0
27;24,57
4;0
31;40
37;24,57
19;0
14;0
56;0
27;0
10;0
7;0
3;0
0;0
16;0
65;85
64;0
53;0
51;0
25;50
60;0
63;25
57;0
58;0
27;0
20;0
0;0
33;99
30;90
50;86,4
17;0
40;45
27;0
11;0
7;0
42;25,774
20;0
72;77
51;0
27;89
7;0
26;0
35;0
8;0
5;0
36;0
41;25,774
43;0
59;0
43;84
29;52
7;0
70;77,316
63;0
30;25,774
44;0
26;31
19;0
36;34
45;0
20;0
17;0
77;0
51;80,537
47;66
52;0
20;0
73;0
74;0
50;120
75;77,316
69;77,316
48;0
47;33
65;0
57;0
32;0
24;0
61;153
56;25,774
30;260
28;100
66;104
63;450
49;0
27;30
24;0
21;30
25;0
2;0
61;0
34;25,774
11;0
33;25,774
10;0
9;0
55;0
57;0
25;25,774
38;40
45;0
6;0
38;0
34;80,5
8;0
2;0
51;52
49;0
26;56
22;52
47;0
23;80,5
19;0
67;125
64;0
30;52
36;0
16;0
14;0
53;0
26;25,774
20;0
33;56,32
37;0
29;25,774
32;120
36;0
45;0
21;0
34;25,774
39;0
9;0
25;0
1;0
53;52
45;0
19;0
37;25,774
22;0
5;0
0;0
62;195
54;0
19;0
17;0
24;0
19;0
27;72
26;0
6;0
4;0
42;38,661
17;38,661
39;0
53;112
20;0
47;81
38;0
12;0
2;0
48;120
76;168
51;24
15;0
44;25,82
30;35,12
30;25
8;0
57;0
65;25
42;0
20;0
37;81
23;81
22;0
26;0
40;0
49;90
4;0
52;0
60;0
56;77,322
46;25,774
25;0
16;0
58;337
18;0
29;83,6
75;192
56;0
49;0
66;0
23;0
21;0
21;0
18;0
58;84
80;0
33;84
61;0
65;80
38;0
40;84
15;0
69;0
46;32
16;0
15;0
82;77,28
57;80,5
78;180
46;0
37;100
48;0
67;0
63;0
39;80,5
30;0
58;152
24;91,56
21;0
61;109,6
27;56
62;82,322
59;0
50;87,322
60;0
30;25,774
23;25,322
35;80,543
11;0
4;0
36;34
36;0
14;0
8;0
38;48
30;0
6;0
39;25,8
26;47,2
29;0
16;0
29;0
32;25,8
62;0
28;25,8
38;0
44;0
9;0
51;0
16;0
41;81
39;0
20;0
12;0
58;77
63;77
68;77
67;85,5
62;105
55;36
73;0
73;0
46;68
46;0
16;0
14;0
30;40
27;0
6;0
0;0
28;50
38;0
3;0
49;0
39;120
61;80,5
59;0
56;0
51;80,5
22;34,4
81;77,28
57;0
71;77,28
73;77,28
29;76
32;0
7;0
3;0
67;77,28
72;0
76;106,6
53;0
29;0
44;40
8;0
2;0
44;40
24;0
20;0
14;0
0;0
51;25,774
40;0
16;0
5;0
22;56
47;25,774
58;0
55;0
23;0
22;31,6
22;25,774
1;0
32;25,774
29;0
10;0
8;0
25;32
42;25,774
8;0
39;0
18;0
2;0
16;0
14;0
13;0
86;0
59;81,7
51;87
58;52
27;200
53;0
52;0
25;60
46;0
44;84
15;0
40;94
32;0
9;0
16;0
0;0
47;0
26;28
17;0
33;28
37;0
17;0
13;0
48;45
47;0
21;34,4
19;0
61;150
52;0
31;37,6
32;0
8;0
65;0
41;39,4
41;0
12;0
58;0
75;78,5
44;0
41;0,098
31;0,098
32;32
7;0
45;0
15;0
57;0
60;0
35;25,775
7;0
3;0
3;0
40;25,775
45;25,775
18;0
13;0
5;0
52;30
51;0
21;0
28;0
39;30
44;0
16;0
47;0
22;0
30;0
30;0
14;0
10;0
4;0
28;0
35;0
38;0
56;0
23;85,6
50;0
22;0
57;0
58;73,322
22;41
49;60
46;0
22;0
16;0
41;81
44;32
11;0
68;77,322
69;77,322
32;0
54;60
40;180
41;108
5;0
3;0
69;0
70;98
52;120
80;80,543
88;375
45;77,322
89;90
93;0
54;30
52;32
55;25,774
65;77,32
63;0
43;56
42;42
14;0
10;0
30;25,774
32;40
2;0
27;52
23;40
22;25,774
28;25,774
24;25,774
23;34
31;32
30;0
6;0
6;0
4;0
1;0
49;0
50;25,774
24;0
47;36
38;0
14;0
70;77,322
65;0
68;77,322
65;0
36;44
36;25,774
78;0
64;376,8
33;206
27;0
64;396
35;72
34;64
35;182,5
31;0
30;0
4;0
69;0
44;24
44;80
84;0
38;0
34;0
8;0
2;0
54;0,098
58;0
39;0
22;0
5;0
73;0,098
61;0
45;0
42;0
17;0
16;0
35;24
36;0
39;0
16;0
10;0
44;0,098
60;120
48;80,5
26;32
19;0
8;0
33;0
36;0
14;0
57;80,5
61;0
16;0
19;0
0;0
53;0
73;72
30;35
23;35
8;0
2;0
25;35
53;0
46;0
64;120
77;0
56;70
68;0
53;0
50;0
24;45
1;0
28;0
45;0,098
41;0,098
22;0
22;28
27;0,098
36;250
61;0
40;0
15;0
52;0
45;0
9;0
22;0
24;0,098
0;0
35;0
33;0
14;0
58;240
48;0
8;0
20;0
0;0
49;0
45;0
12;0
50;0
26;0
8;0
22;0
3;0
36;0
27;0
12;0
10;0
72;0
27;26,35
23;0
1;0
54;31
54;0
28;29,2
6;0
26;33
50;0
37;0
8;0
20;0
23;28,8
0;0
22;0
20;0
3;0
0;0
79;0
23;40
46;0
43;0
22;0
74;0
42;26,35
26;0
4;0
32;0
12;0
52;0
57;0
59;0
31;30
29;0
30;35
4;0
23;0,098
28;0
0;0
45;0,098
44;0
18;0,098
67;0
39;0
42;0,098
41;0
19;0
17;0
57;250
55;550
54;80
48;74
27;25
25;0,098
17;0
15;0
25;36
23;34
46;25
21;0
15;0
46;89
45;0
18;0
13;0
39;82
32;0,098
10;0
73;82
35;0,098
36;0,098
7;0
50;0
45;0
18;0
37;0,098
51;46
43;0,098
11;0
31;0,098
27;30
49;45
84;0
74;0
35;29
26;0
8;0
1;0
54;65
45;65
23;0
24;0
82;98
80;0
62;400
57;0
41;0,098
27;32
0;0
56;0
56;25,77
48;0
33;0
13;0
9;0
38;0
44;0
44;0
40;0
16;0
14;0
23;25
19;0
3;0
1;0
43;50
20;0
14;0
75;0
42;40
34;0
13;0
46;0,098
50;0
17;0
30;0
22;0
2;0
28;0
4;0
20;0
34;30
39;25
50;0
9;0
25;0
27;35
50;250
38;0
14;0
9;0
45;2200
44;0
3;0
23;35
22;0
41;0
23;30
61;0
23;0
61;80,6
43;0
24;0
5;0
38;0
26;0
21;25,8
13;0
11;0
50;0
46;0,098
12;0
7;0
52;82
81;90
45;50
75;110
80;150
54;0
48;0
43;0,098
41;0
20;0
50;80
47;0
10;0
35;0
38;0
16;0
54;0
46;0
25;0
0;0
59;0
15;0
0;0
12;0
9;0
61;0
59;25,774
28;25,774
39;25,774
16;0
34;0
4;0
4;0
32;33,92
25;0
4;0
0;0
35;25,774
17;0
11;0
47;25,774
41;25,774
5;0
61;77,322
50;25,774
26;25,774
52;0
30;36,64
24;44,8
0;0
32;54
8;0
44;0
48;79,8
17;0
15;0
13;0
46;44
40;68
21;0
11;0
11;0
79;0
75;60
39;50,4
33;0
9;0
4;0
49;56
43;0
16;0
78;32
40;0
80;77,322
58;0
56;0
59;25,774
65;77,322
69;0
67;77,322
70;77,322
36;0
50;0
14;0
12;0
10;0
24;0
64;340
61;180
67;77,322
64;0
25;0
45;0
21;0
16;0
65;154,644
64;0
22;80,544
0;0
88;0
58;0
64;174
47;0
21;0
61;0
52;25,774
54;0
48;0
28;0
24;0
22;0
42;0
41;0
22;0
20;0
19;0
11;0
56;0
29;0
22;0
70;0
31;80
26;0
6;0
34;0
33;0
13;0
11;0
37;80
24;0,098
33;26
32;26
0;0
17;0
80;0
53;300
19;0
28;0,098
55;0
63;0
39;83
19;0
27;60
25;0
8;0
6;0
34;45
55;105
31;0
50;35
29;80,5
15;0
61;0
59;0
37;82
20;0
4;0
73;0
91;0,098
59;0
45;0,098
49;113
55;0
9;0
74;300
35;87
29;0,098
61;0
57;0
52;0
43;0
17;0
0;0
22;0
28;0
0;0
39;0
16;0
40;0,098
48;0
22;0
55;280
55;0
24;0
30;0,098
27;0
22;0
33;50
55;0
53;0
29;0
50;0
30;0
25;0
6;0
4;0
49;80,5
28;0
3;0
44;0
10;0
59;0
55;77
24;60
35;26
15;0
72;250
63;0
58;25,35
52;0
20;0
18;0
11;0
65;0
28;0
28;0
83;0
60;0
60;0
49;0
14;0
48;0
52;0
19;0
36;25,774
33;0
11;0
53;0
45;0
25;0
16;0
11;0
6;0
33;25,774
12;0
47;120
48;36
23;0
19;0
17;0
71;80,5
55;0
15;0
73;144
56;0
55;0
37;0
18;0
14;0
58;0
60;0
35;25,774
30;25,774
11;0
41;30,4
27;0
9;0
72;0
67;77,322
59;80,544
52;0
61;77,322
36;72
66;77,322
88;80
49;0
53;0
28;0
25;88
39;68
0;0
29;96
34;0
32;80
26;25,774
1;0
32;100
80;96
53;0
46;36
51;0
30;0
25;0
54;0
48;0
24;25,774
17;0
17;0
46;225
19;0
0;0
57;0
23;0
37;80,544
28;0
37;25,774
34;0
1;0
61;102,24
62;120
25;25,774
3;0
45;34
32;34
8;0
23;56
24;0
7;0
4;0
0;0
36;25,744
9;0
42;25,774
22;0
20;0
19;0
69;154,884
68;361
59;300
34;56
56;0
24;0
22;77,322
57;0
30;0
12;0
36;25,774
64;0
54;0
51;25,774
31;25,774
25;0
69;0
61;0
80;0
47;0
56;0
70;0
24;0
61;0
23;0
58;0
38;0
15;0
10;0
10;0
5;0
62;0
41;140
45;80,5
21;80,5
0;0
16;0
11;0
65;77
48;77
66;77
45;0
57;0
49;28
49;0
15;0
82;83,6
78;0
26;28
30;238
48;0
79;0
71;0
47;80,4
44;0,098
69;0
67;77,3
26;81
32;128
0;0
76;0
44;26,35
22;57,4
13;0
70;80,5
33;0
7;0
57;400
27;0,098
33;0,098
18;0
8;0
23;0
28;0
43;0,098
40;0
17;0
4;0
51;0
50;0
30;0
27;0
58;85
63;87
37;0
39;0
18;0
15;0
51;0
55;0
24;0
16;0
30;0
2;0
48;0
50;25,8
29;0
28;0
84;0
54;120
23;80,5
31;0
25;0
60;80,5
55;80,5
25;0
42;0,098
39;100
12;0
6;0
28;60
62;280
60;0
30;0,098
62;0
69;0,098
41;32,52
40;52
8;0
73;0,098
67;400
42;0
46;0
22;0
72;0,098
71;0
39;0,098
17;0
33;0,098
38;0
10;0
59;60
58;0
27;0
86;0
64;125
60;0
33;120
35;85
30;0
54;0
30;0
20;0
18;0
30;0,098
31;0
5;0
58;85
55;0,098
37;0,098
74;0
36;80
33;80,5
12;0
74;80,5
73;0
60;80,5
50;0
21;0
65;200
73;73
63;0,098
61;0
56;0
52;0
53;0
74;0,098
82;0
45;0
57;0
78;0
86;0
78;0
98;0
64;0,098
69;0,098
72;0
46;0,098
45;0,098
57;0,098
56;250
23;0
19;0
26;0
5;0
26;0
65;87,6
66;0
85;0
33;26,7
29;0
11;0
8;0
2;0
50;120
55;511
52;0
23;0
17;0
55;80,5
15;0
77;0
71;250
51;0
29;80,5
19;0
50;400
78;79,1
70;0
52;40
44;34
45;0
45;94
23;0
17;0
1;0
30;0
4;0
3;0
1;0
65;0
34;0
18;0
10;0
8;0
21;0
21;0
0;0
38;0
18;0
70;0
60;0
34;40
9;0
73;0
61;0
21;0
78;192
54;80,5
31;0
12;0
3;0
34;80,5
14;0
10;0
2;0
34;0
38;25,8
10;0
9;0
31;60
27;0
6;0
69;100
63;0
44;33
48;35
50;0
6;0
76;0
26;0
25;0
2;0
37;0
13;0
69;0
50;0
44;0
29;68
6;0
4;0
22;26
44;0
5;0
1;0
53;0
17;0
46;0
47;80,5
17;0
65;0
68;0
45;0
34;36
37;80,5
33;0
76;0
79;0
35;0
13;0
7;0
57;0
37;36
39;0
17;0
12;0
77;80,5
48;80,5
50;80,5
46;126
42;48
16;0
14;0
9;0
67;148
66;0
22;80,7
49;150
18;102
81;0
66;80,7
80;0
60;180
72;77,4
24;0
47;125,4
20;0
18;0
56;0
26;80,5
21;0
6;0
46;0
35;80,5
20;0
29;0
22;0
64;80,5
54;0
59;0
23;0
38;25,8
33;25,8
13;0
5;0
48;80,5
42;0
24;0
19;0
46;0
50;0
19;25,8
70;258
74;0
38;80,6
24;80,6
5;0
2;0
53;0
46;0
23;25
11;0
52;0
91;0
43;45
41;0
6;0
2;0
36;28,5
6;0
64;0
81;0
62;0
45;0
21;0
14;0
11;0
36;25,75
29;0
6;0
0;0
75;0
57;25,75
26;25,774
24;60
0;0
54;38,72
12;0
32;25,774
24;25,774
33;160
13;0
25;100
25;78
9;0
0;0
58;0
43;0
22;0
18;0
38;0
73;0
61;0
40;0
10;0
21;26
19;0
52;80,5
84;0
76;0
33;0
17;0
35;0
34;80,5
65;300
60;0
22;0
81;0
66;0
46;0
30;26
21;0
50;26
26;28
29;25,7
43;80,5
63;80
50;0
21;48
16;0
22;25,35
32;80,5
46;0
24;32
23;32
48;34
38;0
20;25,35
18;0
12;0
56;0
59;0
18;0
41;0
30;0
70;77,5
48;0
17;0
11;0
67;0
73;77,5
38;0
20;0
12;0
10;0
21;0
27;28
1;0
38;0
28;30,4
7;0
3;0
31;80
33;38
11;0
0;0
20;0
18;0
0;0
37;25,77
11;0
6;0
30;80,5
24;25,77
5;0
78;80,5
66;80,5
32;80,544
28;48
7;0
46;38
36;0
20;0
14;0
43;36
32;0
10;0
8;0
38;0
19;0
49;0
23;0
1;0
22;0
6;0
4;0
33;0
39;0
19;0
0;0
8;0
73;109,166
14;0
82;77,322
77;0
29;51
83;0
35;0
34;40
36;0
8;0
46;32
17;0
1;0
71;0
79;0
66;0
38;0
34;0
36;25,5
17;0
14;0
6;0
22;0
57;25,774
34;0
16;0
13;0
33;0
27;25,774
16;0
15;0
67;0
27;25,77
12;0
8;0
8;0
33;0
14;0
5;0
33;0
14;0
13;0
10;0
6;0
54;0
14;0
10;0
47;16
20;0
17;8
50;0
37;50
63;28
48;0
28;0
23;0
5;0
21;0
64;100
51;25,5
34;25,5
9;0
48;25,5
51;36
38;26
62;0
61;0
25;64
69;77
31;0
11;0
1;0
61;0
53;32
52;25,5
19;0
38;0
36;28
6;0
38;25,5
32;0
5;0
72;156
56;25,5
32;82
52;0
37;0
46;0
15;0
63;0
21;0
36;33,2
11;0
33;0
28;0
29;0
5;0
0;0
53;25,774
30;0
3;0
31;0
22;0
75;122
35;25,774
32;60
14;0
5;0
47;23
22;25,774
19;0
17;0
61;0
20;0
38;28
22;0
6;0
67;0
53;0
102;180
28;76
27;40
64;0
69;77,3
40;0
25;30
17;0
45;26
45;0
21;25,77
17;0
33;25,77
37;0
11;0
6;0
93;0
19;0
26;0
36;250
36;0
4;0
0;0
29;48
25;0
43;0
58;0
36;25,772
34;56
18;0
12;0
39;81,5
37;0
31;36
1;0
28;0
19;0
1;0
47;25,772
38;0
21;0
18;0
15;0
14;0
10;0
19;0
68;0
68;0
28;100
46;0
43;0
66;110
64;77,9
34;170
15;0
83;74
63;25,774
75;180
69;79
36;0
44;0,098
41;0
21;25,775
64;79
27;79
28;0
3;0
1;0
51;46
56;82
23;0
60;0
54;110
32;115
32;0,098
51;0,098
26;0,098
23;0,098
23;136
24;80,5
43;0
63;0
50;0
30;26
24;0
82;148
45;98
21;0
49;0
39;210
11;0
59;75
27;0,098
80;0,098
38;0,098
68;890
61;264
62;0
38;0,098
63;0
61;0
62;0
40;0
43;0
11;0
33;0
30;25,774
6;0
27;0
22;25,774
5;0
28;25,774
27;25,774
9;0
53;0
56;0
69;77,322
55;0
24;0
31;0
10;0
73;0
62;0
69;0
37;0
14;0
11;0
43;77,322
25;0
16;0
78;0
43;0
73;0
43;0
18;0
0;0
15;0
14;0
87;0
24;0
34;0
16;0
11;0
64;56
76;0
38;60
37;0
6;0
62;77,322
42;0
27;25,774
34;25,774
0;0
78;238,6
71;77,322
64;0
52;80,544
52;0
49;0
27;25,774
24;25,774
72;180
69;77,322
75;0
56;0
73;0
55;0
61;80,544
26;0
12;0
44;25,774
67;0
43;0
19;0
67;154,644
66;0
27;0
61;368,908
83;0
31;0
6;0
59;120
59;0
33;25,774
25;0
5;0
12;0
36;25,8
1;0
44;25,8
50;0
47;0
22;0
15;0
13;0
24;0
23;0
1;0
19;0
41;0,098
26;52
69;80
48;0
68;0,098
80;0
25;0
57;100
24;0
53;26
25;0
47;0,098
11;0
35;0
32;0
3;0
57;0
51;0,098
53;0
57;0
77;0
31;50
37;0
33;0
6;0
37;0
73;79,6
70;0
44;30
12;0
8;0
85;0,098
27;0
57;80
60;80
35;50
36;0
11;0
2;0
73;0,098
50;0
46;0
55;0
52;0
33;0
49;0
17;0
49;0
48;81
25;0
15;0
21;25
30;0
29;35
39;0
9;0
1;0
61;0
30;0
78;110
55;0,098
64;200
68;0
32;25,76
58;0
55;0
40;24
36;0
10;0
9;0
27;0
22;24
3;0
2;0
43;0
14;0
8;0
49;0
23;23
20;0
66;0
44;0,098
19;0
83;0
43;0
42;0
26;82
24;0
43;0
39;0
77;85
54;0
25;0
34;0
31;0
11;0
28;0
20;0
7;0
26;0
28;0,098
7;0
2;0
37;50
36;0
10;0
0;0
40;0,098
15;0
59;0
5;0
62;300
21;0
18;0
19;86
0;0
35;0
12;0
47;35
56;0
34;0,098
6;0
69;0
31;25
7;0
52;0
39;0
17;0
15;0
41;0
31;0
9;0
61;165
51;0
22;86,3
14;0
80;97
52;48
51;65,95
26;48
21;0
61;0
59;0
24;0
35;80,5
72;0,098
70;0
35;44
32;0
11;0
3;0
77;100
77;0
51;78
57;89
25;0
35;25,8
39;84
37;45
53;80,5
42;104
36;0
14;0
9;0
1;0
1;0
72;82
47;0
52;80,5
15;0
73;0
76;80,5
30;0
61;0
61;0
38;25,8
10;0
8;0
25;0
86;0
30;0
41;0
43;0
23;0
73;0
61;0
27;49
26;25,8
26;30
5;0
2;0
44;28
49;0
11;0
88;0
54;250
61;0
26;50
23;0
58;86
13;0
29;25,8
25;0
5;0
42;0
49;80,5
6;0
60;50
62;0
24;121
25;0
8;0
3;0
72;80
51;0
50;298
55;0
50;0
27;0
68;0
64;80,5
49;36
50;0
24;25,8
17;0
53;25,8
24;80,5
62;500
56;0
78;96
38;0
38;28
3;0
54;0
30;0
32;0
10;0
1;0
23;0
3;0
1;0
35;0
15;0
7;0
25;29
23;80,5
45;0
70;0
47;78
48;80,5
50;0
22;0
52;250
50;70
14;0
31;0
5;0
42;74
45;0
57;74
53;74
15;0
28;0
28;0
6;0
46;0
46;74
18;0
25;25,774
3;0
2;0
43;0
41;25,774
20;0
15;0
14;0
48;0
39;74
66;0,098
44;60
59;0
91;0
35;0
29;0
6;0
1;0
68;75
63;0
11;0
42;115
38;0
9;0
22;0
34;0
27;84
54;0
50;80,5
32;0
8;0
44;0
36;0
15;0
19;0
3;0
26;25,774
26;25,774
5;0
1;0
39;0
37;0
16;0
14;0
12;0
3;0
20;0
14;0
27;25,774
20;0
39;90
27;32
33;0
14;0
13;0
8;0
29;0
25;0
6;0
5;0
5;0
2;0
35;0
13;0
12;0
10;0
8;0
67;0
57;0
24;65
18;0
0;0
52;0
43;0
18;27
19;27
32;0
27;0
3;0
56;0
52;0
42;0
40;0
24;25,75
19;0
71;0
31;0,098
5;0
54;0,098
27;85
3;0
68;77,5
50;0
18;0
81;600
38;37
12;0
4;0
2;0
16;0
25;29
53;83
73;0
37;0
37;0
16;0
15;0
9;0
7;0
87;0,098
67;0
51;60
12;0
59;0,098
29;0
60;170
58;0
38;0
17;0
40;80
64;80,5
36;36
26;24,5
67;340
61;0
21;0
54;36
48;0
15;0
26;24,5
8;0
6;0
41;0
35;24,5
35;0
16;0
11;0
2;0
0;0
41;0
24;0
6;0
65;0
66;90
78;0
65;77
57;0
37;0
17;0
69;77
72;0
66;0
71;0
36;26
33;0
32;0
2;0
88;0
60;80,5
58;80,5
54;26
17;0
44;0
22;80,5
1;0
40;0
38;26
5;0
51;25,7
51;28
11;0
70;0
38;0
5;0
33;80,5
54;0
25;0
31;100
58;80,5
64;0
89;0
34;25,35
14;0
7;0
85;77
85;0
55;72
51;0
31;72
23;0
62;240
55;0
74;0
72;0
28;0
64;77
64;0
37;29
57;360
30;112
21;0
79;180
64;80,5
66;77,5
30;80,5
69;360
59;114
53;80,5
89;77,5
77;420
72;0
50;80,5
21;80,5
62;80,5
23;0
19;0
20;0
81;77,322
58;80,5
18;0
47;145
16;0
12;0
70;180
69;0
47;36
41;0
70;0
48;0
35;28
18;0
7;0
65;0
36;104
33;160
67;0
79;80,5
53;0
64;0
20;28,8
28;80,5
21;0
47;80,5
48;0
15;0
49;0
70;0
16;0
9;0
58;80,5
54;0
22;0
19;25,77
71;372
67;0
29;36
29;32
47;0
25;56
19;0
41;33,6
23;25,774
71;77,5
38;80,5
46;0
41;45,6
39;0
12;0
7;0
5;0
61;77,5
48;0
18;0
47;18
35;0
37;25,774
16;0
12;0
11;0
32;0
39;25,774
11;0
6;0
31;33
28;0
11;0
2;0
84;0
24;0
31;0
28;0
26;0
27;80,544
8;0
6;0
23;192
55;0
19;0
52;0
49;0
47;32
57;0
45;0
27;25,774
17;0
52;44
49;0
26;0
61;0
40;80,544
18;0
14;0
71;0
41;0
43;160
17;0
11;0
22;0
21;0
1;0
53;0,098
47;60
72;0
83;0
40;0,098
57;0
52;0
26;0,098
13;0
9;0
34;0,098
28;0
0;0
38;0,098
43;0
20;0
15;0
66;0
49;0,098
46;0
27;26
28;0
7;0
29;34
29;0
3;0
58;0,098
58;0
75;0
39;0
45;0
13;0
12;0
48;0
82;0
51;41
31;0
28;94
29;26
0;0
23;36
70;0
25;0
24;0
57;0
53;0
18;0
38;0,098
37;0,098
14;0
30;0,098
27;0,098
8;0
64;0,098
64;0
23;0
26;28
3;0
46;0
55;0
78;0,098
58;0
38;80
39;0
12;0
10;0
7;0
95;0,098
101;0
71;0,098
64;0
51;0
45;0,098
16;0
27;0,098
67;0,098
60;0
37;0,098
54;72
51;0
20;0
32;0
5;0
31;0
26;28
8;0
4;0
51;0
50;0
24;0,098
5;0
3;0
50;0,098
24;0
18;0
74;0
44;0
17;0
15;0
53;0
30;0,098
47;0,098
14;0
51;48
4;0
7;0
55;0,098
22;0
25;0
27;28
7;0
5;0
35;0
39;0,098
6;0
65;160
62;0
32;0,098
37;0
9;0
41;0
30;0
12;0
10;0
4;0
79;0,098
51;0
53;48
49;0
11;0
44;0,098
45;0,098
36;0
17;0
50;0
48;0
20;0
19;0
73;0
65;0
45;0,098
40;48
39;0
17;0
12;0
7;0
57;0
47;0,098
14;0
11;0
8;0
30;0,098
25;0
20;0
19;0
46;0,098
44;0
11;0
6;0
28;0
27;0
14;0
1;0
45;0,098
40;0
20;0
14;0
24;0
30;0
4;0
49;0
51;0
18;0
14;0
27;0
29;0,098
2;0
27;0
29;0,098
3;0
1;0
52;0
27;0
23;0,098
78;0
54;0
49;0
53;0
12;0
43;0
39;0
17;0
25;0,098
24;0
5;0
3;0
27;0
2;0
59;0
42;0
80;0
21;0
3;0
60;0,098
57;0
29;0,098
85;0
61;0
63;0
36;0
24;0
30;0,098
31;0
12;0
10;0
47;0
47;0
21;0
17;0
9;0
62;0
60;0
38;0
36;0,098
50;0
52;0,098
61;0
88;80,5
62;0
22;25,8
20;0
3;0
58;0
46;80,5
80;0
40;60
9;0
59;600
53;0
25;80,5
60;0
25;32
53;0
50;0
56;25,7
37;25,7
15;0
36;0
35;80,4
13;0
9;0
0;0
61;80,7
57;0
24;80,7
18;0
39;0
24;25,7
14;0
60;0
53;25,8
18;0
50;25,8
49;0
21;0
24;0
23;80,5
1;0
66;85
55;0
66;0
60;0
81;240
81;0
51;0
28;51,548
60;77,322
27;25,774
44;84
14;0
26;25,76
33;0
43;0
50;0
17;0
10;0
16;0
57;0
49;83
20;28,5
26;29,12
33;43,05
6;0
52;81,6
19;28,5
23;28,5
17;0
0;0
59;191
42;0
19;0
71;0
28;98
37;0
39;0
10;0
6;0
46;0
35;0
4;0
2;0
45;0
44;0
12;0
11;0
7;0
70;0
20;0
22;110
2;0
14;0
43;0
20;25,774
16;0
36;25,774
34;25,774
10;0
76;0
73;77,322
45;0
17;0
22;0
0;0
60;38,8
52;0
26;25,774
16;0
46;25,774
44;0
19;0
16;0
14;0
67;0
49;77,322
55;0
21;25,774
22;0
36;0
11;0
6;0
2;0
1;0
67;0
23;25,774
30;0
46;0
48;0
23;25,774
11;0
58;25,774
57;0
35;0
35;56
8;0
4;0
46;32
43;0
19;25,774
17;0
38;25,774
31;25,774
23;25,774
1;0
18;0
57;48
55;0
23;48
49;0
17;0
75;77,322
42;0
25;0
2;0
59;25,774
54;0
14;0
62;25,774
36;0
16;0
13;0
12;0
60;75
60;0
36;0
33;33
12;0
6;0
40;0
19;0
27;0
1;0
52;168
47;0
21;0
19;25,774
28;0
22;0
4;0
56;0
20;0
62;239,301
81;0
59;0
53;0
29;25,774
27;0
37;0
30;60
50;130
50;0
23;25,774
21;0
38;40
20;0
14;0
58;0
62;0
56;0
24;0
5;0
66;144
70;0
54;0
29;0
44;25,774
22;0
14;0
41;80,544
19;0
17;0
7;0
56;80,544
23;48
49;25,774
36;25,774
14;0
11;0
16;0
20;25,774
69;77,322
52;25,774
42;0
54;0
52;0
28;25,774
23;25,774
4;0
21;0
32;41,6
34;49,042
5;0
73;77,322
70;77,322
57;0
19;0
2;0
24;25,774
2;0
72;77,322
53;41,042
50;0
22;25,774
32;80,544
25;0
79;80,544
56;0
18;0
49;80,544
21;0
54;25,774
20;80,544
57;0
20;0
34;60
27;68
2;0
42;38
41;25,774
43;25,774
21;25,774
20;0
14;0
73;77,322
43;0
11;0
47;0
20;0
19;0
63;0
53;25,774
28;25,774
43;0
36;0
4;0
24;80,544
8;0
6;0
38;150
30;72
14;0
71;77,322
68;0
51;25,774
19;0
57;0
33;0
14;0
11;0
31;48
26;32
48;0
46;0
6;0
56;48
30;25,774
12;0
10;0
34;0
27;80,544
3;0
0;0
52;0
61;0
33;37,2
28;25,774
2;0
44;48
47;0
21;0
16;0
52;0
22;25,774
43;80
13;0
90;0
43;80,544
50;0
47;80,544
27;0
19;0
11;0
18;0
19;0
19;0
52;110
22;25,774
30;135
29;225
52;80,544
52;58
16;0
29;0
23;80,544
0;0
57;180
45;0
26;0
51;0
25;0
17;0
14;0
73;80,544
29;25,774
6;0
53;25,774
30;0
87;0
49;80,544
22;25,774
20;0
1;0
60;25,774
59;0
24;0
67;0
23;80,544
20;0
19;0
48;240
79;77,322
39;25,774
61;0
63;0
31;0
58;25,774
57;0
55;516,8
26;80,544
8;0
80;77,322
67;0
45;0
39;0
18;0
27;0
8;0
37;25,774
31;80,544
5;0
35;60
61;300
58;154,664
71;252
58;0
18;0
75;0
43;77,322
46;25,774
17;0
11;0
61;0
20;0
60;0
50;0
24;0
16;0
31;25,75
30;0
7;0
54;0
29;25,75
23;0
52;25,774
52;25,774
18;0
49;25,774
31;0
14;0
34;0
37;0
37;0
14;0
10;0
6;0
7;0
53;0
26;0
23;0
27;32
25;0
4;0
47;48
64;77,322
27;32
27;0
3;0
48;0
20;0
7;0
67;0
47;87
44;0
40;81
11;0
72;0
55;81
21;25,322
35;0
16;0
13;0
74;0
58;87
39;0
23;0
76;77,322
76;0
74;0
40;0
17;0
8;0
57;25,75
37;25,75
35;0
26;0
29;32
6;0
59;0
30;25,774
34;51,6
30;28
32;36,52
31;0
0;0
74;0
76;0
60;0
9;0
69;0
25;0
7;0
6;0
28;25,774
25;0
9;0
49;85,7
48;0
22;32
19;0
1;0
21;25,774
56;32
57;33,04
35;0
48;25,774
1;0
70;0
50;80,537
18;0
24;25,774
7;0
36;80,537
33;25,774
27;0
6;0
37;180
37;0
13;88,08
11;0
43;52
46;0
21;0
16;0
62;0
49;0
28;0
26;0
30;0
7;0
48;0
47;25,774
10;0
23;0
18;0
16;0
65;0
34;0
43;0
24;0
57;0
37;0
4;0
27;0
46;0
47;24,57
33;36
23;0
0;0
22;0
0;0
18;0
3;0
11;0
11;0
73;0
29;32
35;0
1;0
27;0
18;24,57
8;0
6;0
30;0
9;0
8;0
7;0
6;0
34;0
11;0
4;0
65;0
58;0
48;0
20;0
18;0
35;44
28;0
9;0
3;0
0;0
43;40
39;0
13;0
8;0
72;80,54
25;24,57
37;0
36;0
15;0
7;0
26;40
72;0
49;48
51;24,57
16;0
70;0
32;48
23;0
